Rk,Player,Pos,Tm,Salary,NewPlayer
,A.J. Bouye\BouyA.00,CB,JAX,"$13,000,000 ",A.J. Bouye
,A.J. Brown\BrowAJ00,WR,TEN,"$495,000 ",A.J. Brown
,A.J. Cann\CannA.00,OG,JAX,"$805,000 ",A.J. Cann
206,A.J. Klein\KleiAJ00,ILB,NOR,"$4,100,000 ",A.J. Klein
,A.J. Moore\MoorA.00,DB,HOU,"$570,000 ",A.J. Moore
,A.Q. Shipley\ShipA.20,C,ARI,"$805,000 ",A.Q. Shipley
,Aaron Brewer\BrewAa00,LS,ARI,"$930,000 ",Aaron Brewer
,Aaron Colvin\ColvAa00,CB,HOU,"$7,500,000 ",Aaron Colvin
75,Aaron Donald\DonaAa00,DT,LAR,"$9,108,000 ",Aaron Donald
,Aaron Jones\JoneAa00,RB,GNB,"$645,000 ",Aaron Jones
,Aaron Lynch\LyncAa00,DE,CHI,"$1,000,000 ",Aaron Lynch
,Aaron Rodgers\RodgAa00,QB,GNB,"$1,100,000 ",Aaron Rodgers
,Aaron Stinnie\StinAa00,G,TEN,"$570,000 ",Aaron Stinnie
,Abdullah Anderson\AndeAb00,DT,CHI,"$495,000 ",Abdullah Anderson
,Abry Jones\JoneAb00,DT,JAX,"$3,400,000 ",Abry Jones
,Adam Butler\ButlAd00,DT,NWE,"$645,000 ",Adam Butler
711,Adam Gotsis\GotsAd00,DT,DEN,"$986,987 ",Adam Gotsis
,Adam Humphries\HumpAd00,WR,TEN,"$2,000,000 ",Adam Humphries
642,Adam Shaheen\ShahAd00,TE,CHI,"$1,002,322 ",Adam Shaheen
156,Adam Thielen\ThieAd00,WR,MIN,"$5,850,000 ",Adam Thielen
446,Adam Vinatieri\vinatada01,K,IND,"$1,875,000 ",Adam Vinatieri
,Adarius Taylor\GlanAd00,LB,CLE,"$1,350,000 ",Adarius Taylor
508,Adoree' Jackson\JackAd00,CB,TEN,"$1,490,708 ",Adoree' Jackson
,Adrian Amos\AmosAd00,FS,GNB,"$1,250,000 ",Adrian Amos
,Adrian Clayborn\ClayAd00,DL,ATL,"$930,000 ",Adrian Clayborn
,Adrian Peterson\PeteAd01,RB,WAS,"$1,030,000 ",Adrian Peterson
481,Adrian Phillips\PhilAd00,DB,LAC,"$1,500,000 ",Adrian Phillips
804,Ahkello Witherspoon\WithAh00,CB,SFO,"$815,375 ",Ahkello Witherspoon
906,Akeem King\KingAk00,DB,SEA,"$750,000 ",Akeem King
,Akeem Spence\SpenAk00,DT,PHI,"$2,900,000 ",Akeem Spence
,Akiem Hicks\HickAk00,DE,CHI,"$8,000,000 ",Akiem Hicks
,Al Woods\WoodAl99,DT,SEA,"$1,250,000 ",Al Woods
,Albert McClellan\McClAl00,DE,NYJ,"$805,000 ",Albert McClellan
127,Albert Wilson\WilsAl02,WR,MIA,"$6,975,000 ",Albert Wilson
,Aldrick Rosas\RosaAl00,K,NYG,"$645,000 ",Aldrick Rosas
,Alec Ingold\IngoAl01,FB,OAK,"$495,000 ",Alec Ingold
,Alec Ogletree\OgleAl00,OLB,NYG,"$4,000,000 ",Alec Ogletree
,Alejandro Villanueva\VillAl00,OL,PIT,"$5,000,000 ",Alejandro Villanueva
989,Alex Anzalone\AnzaAl00,OLB,NOR,"$717,000 ",Alex Anzalone
,Alex Armah\ArmaAl00,FB,CAR,"$645,000 ",Alex Armah
1205,Alex Cappa\CappAl00,OT,TAM,"$615,000 ",Alex Cappa
,Alex Ellis\ElliAl01,TE,PHI,"$645,000 ",Alex Ellis
526,Alex Erickson\EricAl01,WR,CIN,"$1,400,000 ",Alex Erickson
,Alex Lewis\LewiAl01,OT,NYJ,"$2,025,000 ",Alex Lewis
,Alex Light\LighAl00,T,GNB,"$570,000 ",Alex Light
,Alex Mack\MackAl20,C,ATL,"$8,500,000 ",Alex Mack
,Alex Okafor\OkafAl00,DE,KAN,"$805,000 ",Alex Okafor
1682,Alex Redmond\RedmAl01,G,CIN,"$493,236 ",Alex Redmond
,Alexander Johnson\JohnAl01,LB,DEN,"$570,000 ",Alexander Johnson
,Alexander Mattison\MattAl01,RB,MIN,"$495,000 ",Alexander Mattison
249,Ali Marpet\MarpAl00,C,TAM,"$3,125,000 ",Ali Marpet
,Allen Bailey\BailAl00,DL,ATL,"$2,750,000 ",Allen Bailey
,Allen Hurns\HurnAl01,WR,MIA,"$4,000,000 ",Allen Hurns
,Allen Lazard\LazaAl00,WR,GNB,"$495,000 ",Allen Lazard
59,Allen Robinson\RobiAl02,WR,CHI,"$9,900,000 ",Allen Robinson
,Al-Quadin Muhammad\MuhaAl00,DE,IND,"$645,000 ",Al-Quadin Muhammad
37,Alshon Jeffery\JeffAl00,WR,PHI,"$11,750,000 ",Alshon Jeffery
811,Alvin Kamara\KamaAl00,RB,NOR,"$807,500 ",Alvin Kamara
,Amani Hooker\HookAm00,S,TEN,"$495,000 ",Amani Hooker
,Amani Oruwariye\OruwAm00,CB,DET,"$495,000 ",Amani Oruwariye
21,Amari Cooper\CoopAm00,WR,DAL,"$13,924,000 ",Amari Cooper
,Ameer Abdullah\AbduAm00,RB,MIN,"$720,000 ",Ameer Abdullah
,Andre Dillard\DillAn00,OL,PHI,"$495,000 ",Andre Dillard
,Andre James\JameAn01,T,OAK,"$495,000 ",Andre James
,Andre Patton\PattAn00,WR,LAC,"$495,000 ",Andre Patton
,Andre Roberts\RobeAn00,WR,BUF,"$2,000,000 ",Andre Roberts
,Andre Smith\SmitAn04,ILB,CAR,"$570,000 ",Andre Smith
,Andre Smith\SmitAn23,T,CIN,"$1,030,000 ",Andre Smith
,Andrew Adams\AdamAn00,FS,TAM,"$720,000 ",Andrew Adams
,Andrew Beck\BeckAn01,TE,DEN,"$495,000 ",Andrew Beck
,Andrew Billings\BillAn00,DT,CIN,"$720,000 ",Andrew Billings
,Andrew Brown\BrowAn05,DE,CIN,"$495,000 ",Andrew Brown
,Andrew Norwell\NorwAn01,G,JAX,"$13,000,000 ",Andrew Norwell
,Andrew Sendejo\SendAn00,DB,PHI,"$930,000 ",Andrew Sendejo
,Andrew Whitworth\WhitAn20,T,LAR,"$10,250,000 ",Andrew Whitworth
,Andrew Wingard\WingAn01,S,JAX,"$495,000 ",Andrew Wingard
,Andrew Wylie\WyliAn00,T,KAN,"$570,000 ",Andrew Wylie
,Andrus Peat\PeatAn00,OT,NOR,"$9,625,000 ",Andrus Peat
13,Andy Dalton\DaltAn00,QB,CIN,"$16,000,000 ",Andy Dalton
,Andy Isabella\IsabAn00,WR,ARI,"$495,000 ",Andy Isabella
,Andy Janovich\JanoAn00,FB,DEN,"$720,000 ",Andy Janovich
,Andy Lee\LeexAn20,P,ARI,"$2,000,000 ",Andy Lee
,Angelo Blackson\BlacAn00,DT,HOU,"$2,000,000 ",Angelo Blackson
,Anthony Averett\AverAn00,CB,BAL,"$570,000 ",Anthony Averett
,Anthony Barr\BarrAn00,OLB,MIN,"$2,900,000 ",Anthony Barr
,Anthony Brown\BrowAn02,CB,DAL,"$2,025,000 ",Anthony Brown
141,Anthony Castonzo\CastAn00,OL,IND,"$6,250,000 ",Anthony Castonzo
813,Anthony Chickillo\ChicAn00,DE,PIT,"$806,000 ",Anthony Chickillo
,Anthony Firkser\FirkAn00,TE,TEN,"$570,000 ",Anthony Firkser
,Anthony Harris\HarrAn01,DB,MIN,"$3,095,000 ",Anthony Harris
132,Anthony Hitchens\HitcAn00,OLB,KAN,"$6,500,000 ",Anthony Hitchens
,Anthony Levine\LeviAn00,S,BAL,"$1,500,000 ",Anthony Levine
918,Anthony Miller\MillAn02,WR,CHI,"$723,350 ",Anthony Miller
,Anthony Nelson\NelsAn01,DL,TAM,"$495,000 ",Anthony Nelson
,Anthony Sherman\SherAn00,RB,KAN,"$930,000 ",Anthony Sherman
,Anthony Walker\WalkAn01,LB,IND,"$645,000 ",Anthony Walker
466,Antoine Bethea\BethAn20,DB,NYG,"$1,725,000 ",Antoine Bethea
,Antone Exum\ExumAn00,CB,SFO,"$805,000 ",Antone Exum
17,Antonio Brown\BrowAn04,WR,NWE,"$14,625,000 ",Antonio Brown
,Antonio Callaway\CallAn00,WR,CLE,"$570,000 ",Antonio Callaway
,Antony Auclair\AuclAn00,TE,TAM,"$645,000 ",Antony Auclair
,Antwaun Woods\WoodAn02,NT,DAL,"$570,000 ",Antwaun Woods
,Aqib Talib\TaliAq99,DB,LAR,"$8,000,000 ",Aqib Talib
1201,Arden Key\KeyxAr00,DE,OAK,"$624,250 ",Arden Key
79,Arik Armstead\ArmsAr01,DE,SFO,"$9,046,000 ",Arik Armstead
,Armani Watts\WattAr00,FS,KAN,"$570,000 ",Armani Watts
,Arthur Maulet\MaulAr00,CB,NYJ,"$645,000 ",Arthur Maulet
458,Artie Burns\BurnAr00,CB,PIT,"$1,757,861 ",Artie Burns
580,A'Shawn Robinson\RobiAS00,DT,DET,"$1,163,678 ",A'Shawn Robinson
,Auden Tate\TateAu00,WR,CIN,"$570,000 ",Auden Tate
,Austin Blythe\BlytAu00,C,LAR,"$2,025,000 ",Austin Blythe
,Austin Calitro\CaliAu00,LB,JAX,"$570,000 ",Austin Calitro
,Austin Carr\CarrAu00,WR,NOR,"$645,000 ",Austin Carr
798,Austin Corbett\CorbAu00,C,CLE,"$821,745 ",Austin Corbett
,Austin Cutting\CuttAu00,LS,MIN,"$495,000 ",Austin Cutting
,Austin Ekeler\EkelAu00,RB,LAC,"$645,000 ",Austin Ekeler
,Austin Hooper\HoopAu00,TE,ATL,"$2,025,000 ",Austin Hooper
573,Austin Johnson\JohnAu01,DT,TEN,"$1,222,122 ",Austin Johnson
,Austin Reiter\ReitAu00,C,KAN,"$975,000 ",Austin Reiter
,Austin Schlottmann\SchlAu00,G,DEN,"$495,000 ",Austin Schlottmann
,Austin Seibert\SeibAu00,K,CLE,"$495,000 ",Austin Seibert
,Avery Moss\MossAv00,DE,MIA,"$570,000 ",Avery Moss
,Avonte Maddox\MaddAv00,CB,PHI,"$570,000 ",Avonte Maddox
,Azeez Al-Shaair\AlShAz00,LB,SFO,"$495,000 ",Azeez Al-Shaair
252,B.J. Finney\FinnB.01,C,PIT,"$3,095,000 ",B.J. Finney
,B.J. Goodson\GoodB.00,OLB,GNB,"$720,000 ",B.J. Goodson
1034,B.J. Hill\HillB.00,DT,NYG,"$664,345 ",B.J. Hill
,B.W. Webb\WebbBW00,CB,CIN,"$1,000,000 ",B.W. Webb
,Baker Mayfield\MayfBa00,QB,CLE,"$570,000 ",Baker Mayfield
235,Barkevious Mingo\MingBa00,OLB,HOU,"$3,400,000 ",Barkevious Mingo
,Bashaud Breeland\BreeBa00,CB,KAN,"$805,000 ",Bashaud Breeland
,Beau Allen\AlleBe00,DT,TAM,"$2,000,000 ",Beau Allen
,Beau Brinkley\BrinBe00,LSTE,TEN,"$1,250,000 ",Beau Brinkley
509,Ben Banogu\BanoBe00,EDGE,IND,"$1,482,500 ",Ben Banogu
,Ben Braunecker\BrauBe00,TE,CHI,"$750,000 ",Ben Braunecker
,Ben Burr-Kirven\BurrBe00,LB,SEA,"$495,000 ",Ben Burr-Kirven
814,Ben Garland\GarlBe00,DL,SFO,"$805,000 ",Ben Garland
,Ben Gedeon\GedeBe00,ILB,MIN,"$645,000 ",Ben Gedeon
,Ben Jones\JoneBe01,C,TEN,"$4,500,000 ",Ben Jones
,Ben Koyack\KoyaBe00,TE,JAX,"$720,000 ",Ben Koyack
,Ben Niemann\NiemBe00,LB,KAN,"$570,000 ",Ben Niemann
,Ben Roethlisberger\RoetBe00,QB,PIT,"$2,500,000 ",Ben Roethlisberger
,Benardrick McKinney\McKiBe00,ILB,HOU,"$6,000,000 ",Benardrick McKinney
,Bennie Fowler\FowlBe00,WR,NYG,"$805,000 ",Bennie Fowler
,Benny Snell\SnelBe00,,PIT,"$495,000 ",Benny Snell
,Benson Mayowa\MayoBe00,DE,OAK,"$805,000 ",Benson Mayowa
,Bilal Nichols\NichBi00,DT,CHI,"$570,000 ",Bilal Nichols
,Bilal Powell\PoweBi00,RB,NYJ,"$930,000 ",Bilal Powell
639,Billy Price\PricBi01,C,CIN,"$1,012,386 ",Billy Price
,Billy Turner\TurnBi00,OT,GNB,"$1,350,000 ",Billy Turner
,Blake Bell\BellBl00,TE,KAN,"$805,000 ",Blake Bell
,Blake Cashman\CashBl00,LB,NYJ,"$495,000 ",Blake Cashman
,Blake Jarwin\JarwBl00,TE,DAL,"$645,000 ",Blake Jarwin
,Blake Martinez\MartBl01,ILB,GNB,"$2,025,000 ",Blake Martinez
,Blidi Wreh-Wilson\WrehBl00,CB,ATL,"$805,000 ",Blidi Wreh-Wilson
,Bobby Hart\HartBo00,OG,CIN,"$900,000 ",Bobby Hart
,Bobby Massie\MassBo00,T,CHI,"$2,400,000 ",Bobby Massie
164,Bobby McCain\McCaBo01,CB,MIA,"$5,600,000 ",Bobby McCain
,Bobby Okereke\OkerBo00,LB,IND,"$495,000 ",Bobby Okereke
,Bobby Wagner\WagnBo00,ILB,SEA,"$10,500,000 ",Bobby Wagner
,Bobo Wilson\WilsJe00,WR,TAM,"$645,000 ",Bobo Wilson
,Boston Scott\ScotBo02,RB,PHI,"$570,000 ",Boston Scott
812,Braden Smith\SmitBr06,OG,IND,"$806,986 ",Braden Smith
,Bradley Bozeman\BozeBr00,C,BAL,"$570,000 ",Bradley Bozeman
,Bradley Chubb\ChubBr00,DE,DEN,"$570,000 ",Bradley Chubb
,Bradley McDougald\McDoBr01,FS,SEA,"$2,900,000 ",Bradley McDougald
,Bradley Pinion\PiniBr00,P,TAM,"$805,000 ",Bradley Pinion
,Bradley Roby\RobyBr00,CB,HOU,"$5,000,000 ",Bradley Roby
,Bradley Sowell\SoweBr00,T,CHI,"$1,450,000 ",Bradley Sowell
,Branden Jackson\JackBr04,DE,SEA,"$645,000 ",Branden Jackson
,Brandin Cooks\CookBr00,WR,LAR,"$1,000,000 ",Brandin Cooks
,Brandon Bolden\BoldBr00,RB,NWE,"$1,000,000 ",Brandon Bolden
,Brandon Brooks\BrooBr00,G,PHI,"$8,000,000 ",Brandon Brooks
,Brandon Carr\CarrBr99,DB,BAL,"$4,500,000 ",Brandon Carr
,Brandon Copeland\CopeBr00,LB,NYJ,"$1,500,000 ",Brandon Copeland
,Brandon Dillon\DillBr00,TE,MIN,"$495,000 ",Brandon Dillon
,Brandon Dunn\DunnBr00,DT,HOU,"$2,025,000 ",Brandon Dunn
,Brandon Facyson\FacyBr00,CB,LAC,"$570,000 ",Brandon Facyson
,Brandon Graham\GrahBr99,DE,PHI,"$1,000,000 ",Brandon Graham
,Brandon Knight\KnigBr01,T,DAL,"$495,000 ",Brandon Knight
,Brandon Linder\LindBr00,OG,JAX,"$5,500,000 ",Brandon Linder
,Brandon McManus\McMaBr01,K,DEN,"$2,750,000 ",Brandon McManus
,Brandon Mebane\MebaBr99,DT,LAC,"$1,050,000 ",Brandon Mebane
1030,Brandon Parker\ParkBr01,OT,OAK,"$666,152 ",Brandon Parker
31,Brandon Scherff\ScheBr00,G,WAS,"$12,525,000 ",Brandon Scherff
,Brandon Shell\ShelBr00,OT,NYJ,"$2,025,000 ",Brandon Shell
71,Brandon Williams\WillBr02,DT,BAL,"$9,250,000 ",Brandon Williams
,Brandon Wilson\WilsBr01,CB,CIN,"$645,000 ",Brandon Wilson
,Brandon Zylstra\ZylsBr00,WR,CAR,"$570,000 ",Brandon Zylstra
,Braxton Berrios\BerrBr00,WR,NYJ,"$495,000 ",Braxton Berrios
,Brennan Scarlett\ScarBr00,LB,HOU,"$2,025,000 ",Brennan Scarlett
,Brent Urban\UrbaBr00,DE,TEN,"$850,000 ",Brent Urban
,Breon Borders\BordBr00,CB,JAX,"$570,000 ",Breon Borders
,Breshad Perriman\PerrBr02,WR,TAM,"$2,000,000 ",Breshad Perriman
,Brett Jones\JoneBr04,C,MIN,"$720,000 ",Brett Jones
,Brett Kern\KernBr20,P,TEN,"$1,800,000 ",Brett Kern
,Brett Maher\MaheBr01,K,DAL,"$570,000 ",Brett Maher
,Brian Allen\AlleBr02,C,LAR,"$570,000 ",Brian Allen
,Brian Burns\BurnBr00,EDGE,CAR,"$495,000 ",Brian Burns
,Brian Hill\HillBr02,RB,ATL,"$645,000 ",Brian Hill
1011,Brian O'Neill\ONeiBr00,OT,MIN,"$680,302 ",Brian O'Neill
,Brian Poole\PoolBr01,S,NYJ,"$1,000,000 ",Brian Poole
,Brian Winters\WintBr00,OG,NYJ,"$6,000,000 ",Brian Winters
298,Britton Colquitt\ColqBr00,P,MIN,"$2,700,000 ",Britton Colquitt
,Bronson Kaufusi\KaufBr01,DE,NYJ,"$645,000 ",Bronson Kaufusi
589,Brooks Reed\ReedBr00,DL,ARI,"$1,125,000 ",Brooks Reed
,Bruce Irvin\IrviBr00,DE,CAR,"$1,250,000 ",Bruce Irvin
,Bryan Anger\AngeBr00,P,HOU,"$930,000 ",Bryan Anger
,Bryan Bulaga\BulaBr20,T,GNB,"$5,800,000 ",Bryan Bulaga
,Bryan Mone\MoneBr00,DT,SEA,"$495,000 ",Bryan Mone
,Bryan Witzmann\WitzBr00,T,CAR,"$720,000 ",Bryan Witzmann
,Bryce Hager\HageBr00,ILB,LAR,"$805,000 ",Bryce Hager
,Brynden Trawick\TrawBr00,S,BAL,"$805,000 ",Brynden Trawick
,Bud Dupree\DuprAl00,DE,PIT,"$9,232,000 ",Bud Dupree
602,Budda Baker\BakeBu00,FS,ARI,"$1,085,910 ",Budda Baker
,Buddy Howell\HoweGr00,RB,HOU,"$570,000 ",Buddy Howell
334,Buster Skrine\SkriBu00,DB,CHI,"$2,250,000 ",Buster Skrine
,Byron Cowart\CowaBy00,DL,NWE,"$495,000 ",Byron Cowart
140,Byron Jones\JoneBy00,CB,DAL,"$6,266,000 ",Byron Jones
,Byron Murphy\MurpBy00,CB,ARI,"$495,000 ",Byron Murphy
,Byron Pringle\PrinBy00,WR,KAN,"$495,000 ",Byron Pringle
,C.J. Anderson\AndeC.00,RB,DET,"$1,000,000 ",C.J. Anderson
,C.J. Goodwin\GoodC.00,WR,DAL,"$720,000 ",C.J. Goodwin
,C.J. Ham\HamxC.00,RB,MIN,"$645,000 ",C.J. Ham
,C.J. Mosley\MoslC.00,ILB,NYJ,"$1,000,000 ",C.J. Mosley
911,C.J. Prosise\ProsC.00,RB,SEA,"$745,000 ",C.J. Prosise
,C.J. Uzomah\UzomC.00,TE,CIN,"$1,500,000 ",C.J. Uzomah
,Cairo Santos\SantCa01,K,TEN,"$805,000 ",Cairo Santos
35,Calais Campbell\CampCa99,DE,JAX,"$12,000,000 ",Calais Campbell
347,Caleb Benenoch\BeneCa00,OT,TAM,"$2,025,000 ",Caleb Benenoch
,Caleb Brantley\BranCa00,DT,WAS,"$645,000 ",Caleb Brantley
714,Calvin Ridley\RidlCa00,WR,ATL,"$975,487 ",Calvin Ridley
12,Cam Newton\NewtCa00,QB,CAR,"$16,200,000 ",Cam Newton
593,Cam Robinson\RobiCa00,OT,JAX,"$1,103,015 ",Cam Robinson
,Cam Sims\SimsCa00,WR,WAS,"$495,000 ",Cam Sims
,Cameron Brate\BratCa00,TE,TAM,"$7,000,000 ",Cameron Brate
,Cameron Erving\ErviCa00,OT,KAN,"$1,450,000 ",Cameron Erving
,Cameron Fleming\FlemCa00,OT,DAL,"$1,000,000 ",Cameron Fleming
84,Cameron Heyward\HeywCa01,DE,PIT,"$8,750,000 ",Cameron Heyward
,Cameron Johnston\JohnCa02,P,PHI,"$570,000 ",Cameron Johnston
,Cameron Jordan\JordCa00,DE,NOR,"$8,000,000 ",Cameron Jordan
996,Cameron Smith\SmitCa01,LB,MIN,"$702,500 ",Cameron Smith
1017,Cameron Sutton\SuttCa00,CB,PIT,"$677,400 ",Cameron Sutton
,Cameron Wake\WakeCa00,LB,TEN,"$3,250,000 ",Cameron Wake
,Carl Granderson\GranCa01,DE,NOR,"$495,000 ",Carl Granderson
,Carl Lawson\LawsCa00,DE,CIN,"$645,000 ",Carl Lawson
,Carl Nassib\NassCa00,DE,TAM,"$2,025,000 ",Carl Nassib
251,Carlos Dunlap\DunlCa99,DE,CIN,"$3,100,000 ",Carlos Dunlap
,Carlos Hyde\HydeCa00,RB,HOU,"$1,400,000 ",Carlos Hyde
,Carlos Watkins\WatkCa00,DT,HOU,"$645,000 ",Carlos Watkins
1014,Carlton Davis\DaviCa02,CB,TAM,"$679,687 ",Carlton Davis
,Carson Wentz\WentCa00,QB,PHI,"$720,000 ",Carson Wentz
,Case Keenum\KeenCa00,QB,WAS,"$3,500,000 ",Case Keenum
,Casey Hayward\HaywCa00,DB,LAC,"$8,000,000 ",Casey Hayward
,Casey Kreiter\KreiCa00,LS,DEN,"$1,000,000 ",Casey Kreiter
,Cassanova McKinzy\McKiCa01,LB,WAS,"$570,000 ",Cassanova McKinzy
,Cassius Marsh\MarsCa00,DE,ARI,"$850,000 ",Cassius Marsh
,Cedric Ogbuehi\OgbuCe00,OT,JAX,"$805,000 ",Cedric Ogbuehi
,Cedrick Wilson\WilsCe01,WR,DAL,"$495,000 ",Cedrick Wilson
,Cethan Carter\CartCe00,TE,CIN,"$570,000 ",Cethan Carter
,Chad Beebe\BeebCh00,WR,MIN,"$570,000 ",Chad Beebe
1032,Chad Thomas\ThomCh06,DE,CLE,"$665,000 ",Chad Thomas
,Chandler Cox\CoxxCh01,RB,MIA,"$495,000 ",Chandler Cox
11,Chandler Jones\JoneCh03,DE,ARI,"$16,500,000 ",Chandler Jones
,Chandon Sullivan\SullCh00,CB,GNB,"$570,000 ",Chandon Sullivan
,Charles Clay\ClayCh00,TE,ARI,"$1,150,000 ",Charles Clay
514,Charles Harris\HarrCh03,DE,MIA,"$1,450,794 ",Charles Harris
107,Charles Leno\LenoCh00,OG,CHI,"$7,900,000 ",Charles Leno
,Charles Omenihu\OmenCh00,DL,HOU,"$495,000 ",Charles Omenihu
,Charles Washington\WashCh01,DB,ARI,"$645,000 ",Charles Washington
,Charley Hughlett\HughCh01,LS,CLE,"$805,000 ",Charley Hughlett
,Charvarius Ward\WardCh01,DB,KAN,"$570,000 ",Charvarius Ward
,Chase Daniel\DaniCh00,QB,CHI,"$4,000,000 ",Chase Daniel
,Chase Edmonds\EdmoCh00,RB,ARI,"$570,000 ",Chase Edmonds
,Chase Roullier\RoulCh00,C,WAS,"$645,000 ",Chase Roullier
,Chase Winovich\WinoCh00,EDGE,NWE,"$495,000 ",Chase Winovich
,Chauncey Gardner-Johnson\GardCh00,S,NOR,"$495,000 ",Chauncey Gardner-Johnson
,Chester Rogers\RogeCh02,WR,IND,"$3,095,000 ",Chester Rogers
776,Chidobe Awuzie\AwuzCh00,CB,DAL,"$854,417 ",Chidobe Awuzie
,Chris Banjo\BanjCh00,S,ARI,"$850,000 ",Chris Banjo
,Chris Board\BoarCh00,LB,BAL,"$570,000 ",Chris Board
,Chris Boswell\BoswCh00,K,PIT,"$1,000,000 ",Chris Boswell
,Chris Carson\CarsCh00,RB,SEA,"$645,000 ",Chris Carson
,Chris Conley\ConlCh00,WR,JAX,"$805,000 ",Chris Conley
,Chris Godwin\GodwCh00,WR,TAM,"$677,000 ",Chris Godwin
108,Chris Harris\HarrCh01,CB,DEN,"$7,800,000 ",Chris Harris
795,Chris Hogan\HogaCh00,WR,CAR,"$825,000 ",Chris Hogan
144,Chris Hubbard\HubbCh00,G,CLE,"$6,150,000 ",Chris Hubbard
,Chris Jones\JoneCh02,P,DAL,"$1,800,000 ",Chris Jones
,Chris Jones\JoneCh06,CB,ARI,"$570,000 ",Chris Jones
576,Chris Jones\JoneCh09,DT,KAN,"$1,199,714 ",Chris Jones
,Chris Lacy\LacyCh00,WR,DET,"$495,000 ",Chris Lacy
,Chris Lammons\LammCh00,DB,MIA,"$495,000 ",Chris Lammons
,Chris Lindstrom\LindCh00,OL,ATL,"$495,000 ",Chris Lindstrom
,Chris Moore\MoorCh00,WR,BAL,"$720,000 ",Chris Moore
,Chris Peace\PeacCh00,DE,2TM,"$495,000 ",Chris Peace
,Chris Reed\ReedCh00,G,MIA,"$1,000,000 ",Chris Reed
,Chris Smith\SmitCh03,DE,CLE,"$2,750,000 ",Chris Smith
,Chris Thompson\ThomCh03,RB,WAS,"$2,750,000 ",Chris Thompson
913,Chris Wormley\WormCh00,DT,BAL,"$736,000 ",Chris Wormley
,Christian Covington\CoviCh00,DT,DAL,"$1,000,000 ",Christian Covington
319,Christian Jones\JoneCh05,ILB,DET,"$2,450,000 ",Christian Jones
910,Christian Kirk\KirkCh01,WR,ARI,"$747,948 ",Christian Kirk
,Christian Kirksey\KirkCh00,OLB,CLE,"$7,000,000 ",Christian Kirksey
346,Christian McCaffrey\McCaCh01,RB,CAR,"$2,032,390 ",Christian McCaffrey
,Christian Miller\MillCh04,EDGE,CAR,"$495,000 ",Christian Miller
,Christian Wilkins\WilkCh00,DL,MIA,"$495,000 ",Christian Wilkins
,Christopher Milton\MiltCh00,CB,TEN,"$900,000 ",Christopher Milton
,Chuck Clark\ClarCh00,FS,BAL,"$645,000 ",Chuck Clark
,Chuma Edoga\EdogCh00,OL,NYJ,"$495,000 ",Chuma Edoga
,Clark Harris\HarrCl20,TE,CIN,"$1,030,000 ",Clark Harris
,Clay Matthews\MattCl99,LB,LAR,"$3,000,000 ",Clay Matthews
,Clayton Fejedelem\FejeCl00,FS,CIN,"$720,000 ",Clayton Fejedelem
,Clayton Geathers\GeatCl00,SS,IND,"$1,250,000 ",Clayton Geathers
,Clelin Ferrell\FerrCl00,EDGE,OAK,"$495,000 ",Clelin Ferrell
,Cody Barton\BartCo00,LB,SEA,"$495,000 ",Cody Barton
,Cody Core\CoreCo00,WR,NYG,"$720,000 ",Cody Core
459,Cody Davis\DaviCo02,S,JAX,"$1,750,000 ",Cody Davis
,Cody Ford\FordCo00,OL,BUF,"$495,000 ",Cody Ford
757,Cody Latimer\LatiCo00,WR,NYG,"$925,000 ",Cody Latimer
633,Cody Whitehair\WhitCo03,OG,CHI,"$1,026,077 ",Cody Whitehair
,Colby Wadman\WadmCo00,P,DEN,"$570,000 ",Colby Wadman
340,Cole Beasley\BeasCo00,WR,BUF,"$2,200,000 ",Cole Beasley
,Cole Holcomb\HolcCo00,LB,WAS,"$495,000 ",Cole Holcomb
,Cole Mazza\MazzCo01,LS,LAC,"$495,000 ",Cole Mazza
,Coleman Shelton\ShelCo00,C,LAR,"$495,000 ",Coleman Shelton
,Colin Holba\HolbCo00,LS,SFO,"$645,000 ",Colin Holba
726,Colin Jones\JoneCo01,DB,CAR,"$930,000 ",Colin Jones
,Colt McCoy\McCoCo00,QB,WAS,"$3,000,000 ",Colt McCoy
,Connor McGovern\McGoCo00,OG,DEN,"$2,025,000 ",Connor McGovern
916,Connor Williams\WillCo00,OT,DAL,"$729,500 ",Connor Williams
808,Cooper Kupp\KuppCo00,WR,LAR,"$811,000 ",Cooper Kupp
,Cooper Rush\RushCo00,QB,DAL,"$645,000 ",Cooper Rush
,Cordarrelle Patterson\PattCo00,WR,CHI,"$3,000,000 ",Cordarrelle Patterson
,Corey Ballentine\BallCo00,CB,NYG,"$495,000 ",Corey Ballentine
,Corey Bojorquez\BojoCo00,P,BUF,"$570,000 ",Corey Bojorquez
,Corey Clement\ClemCo00,RB,PHI,"$645,000 ",Corey Clement
,Corey Davis\DaviCo03,WR,TEN,"$645,000 ",Corey Davis
197,Corey Linsley\LinsCo00,C,GNB,"$4,300,000 ",Corey Linsley
,Corey Liuget\LiugCo00,DT,OAK,"$930,000 ",Corey Liuget
,Corey Nelson\NelsCo00,OLB,DEN,"$805,000 ",Corey Nelson
,Corey Peters\PeteCo00,DT,ARI,"$3,250,000 ",Corey Peters
,Corey Thompson\ThomCo02,LB,BUF,"$570,000 ",Corey Thompson
,Cornelius Lucas\LucaCo01,T,CHI,"$805,000 ",Cornelius Lucas
,Cortez Broughton\BrouCo00,DL,LAC,"$495,000 ",Cortez Broughton
,Cory Littleton\LittCo01,LB,LAR,"$3,095,000 ",Cory Littleton
897,Courtland Sutton\SuttCo00,WR,DEN,"$790,996 ",Courtland Sutton
,Craig James\JameCr01,CB,PHI,"$570,000 ",Craig James
,Craig Robertson\RobeCr00,LB,NOR,"$1,000,000 ",Craig Robertson
,Cullen Gillaspia\GillCu00,RB,HOU,"$495,000 ",Cullen Gillaspia
,Curtis Riley\RileCu00,CB,OAK,"$720,000 ",Curtis Riley
609,Curtis Samuel\SamuCu00,WR,CAR,"$1,051,698 ",Curtis Samuel
707,Cyrus Jones\JoneCy00,CB,BAL,"$996,000 ",Cyrus Jones
,D.J. Alexander\AlexD.00,OLB,JAX,"$805,000 ",D.J. Alexander
,D.J. Fluker\FlukDJ00,OT,SEA,"$850,000 ",D.J. Fluker
,D.J. Foster\FostD.01,RB,ARI,"$645,000 ",D.J. Foster
160,D.J. Hayden\HaydDJ00,CB,JAX,"$5,750,000 ",D.J. Hayden
62,D.J. Humphries\HumpD.00,OT,ARI,"$9,625,000 ",D.J. Humphries
,D.J. Jones\JoneD.01,DT,SFO,"$645,000 ",D.J. Jones
710,D.J. Moore\MoorD.00,WR,CAR,"$987,787 ",D.J. Moore
,D.J. Reader\ReadD.00,DT,HOU,"$2,025,000 ",D.J. Reader
,D.J. Reed\ReedD.00,CB,SFO,"$570,000 ",D.J. Reed
,D.J. Swearinger\SweaDJ00,FS,ARI,"$4,250,000 ",D.J. Swearinger
,D.J. White\WhitD.00,CB,ATL,"$645,000 ",D.J. White
,D.K. Metcalf\MetcDK00,WR,SEA,"$495,000 ",D.K. Metcalf
,DaeSean Hamilton\HamiDa01,WR,DEN,"$570,000 ",DaeSean Hamilton
,Daeshon Hall\HallDa01,DE,PHI,"$645,000 ",Daeshon Hall
,Dak Prescott\PresDa01,QB,DAL,"$2,025,000 ",Dak Prescott
,Dakota Allen\AlleDa01,LB,OAK,"$495,000 ",Dakota Allen
,Dakota Dozier\DoziDa00,OT,MIN,"$805,000 ",Dakota Dozier
915,Dallas Goedert\GoedDa00,TE,PHI,"$735,649 ",Dallas Goedert
,Dallin Leavitt\LeavDa00,S,OAK,"$495,000 ",Dallin Leavitt
,Dalton Risner\RisnDa00,OL,DEN,"$495,000 ",Dalton Risner
,Dalton Schultz\SchuDa00,TE,DAL,"$570,000 ",Dalton Schultz
614,Dalvin Cook\CookDa01,RB,MIN,"$1,042,576 ",Dalvin Cook
773,Dalvin Tomlinson\TomlDa00,DT,NYG,"$880,646 ",Dalvin Tomlinson
,Dalyn Dawkins\DawkDa01,RB,TEN,"$570,000 ",Dalyn Dawkins
,Damarious Randall\RandDa00,FS,CLE,"$9,069,000 ",Damarious Randall
,Damien Harris\HarrDa06,RB,NWE,"$495,000 ",Damien Harris
,Damien Williams\WillDa05,RB,KAN,"$1,050,000 ",Damien Williams
,Damien Wilson\WilsDa02,ILB,KAN,"$720,000 ",Damien Wilson
,Damiere Byrd\ByrdDa00,WR,ARI,"$720,000 ",Damiere Byrd
,Damion Ratley\RatlDa00,WR,CLE,"$570,000 ",Damion Ratley
,Damion Square\SquaDa00,DE,LAC,"$1,500,000 ",Damion Square
,Damion Willis\WillDa11,WR,CIN,"$495,000 ",Damion Willis
129,Damon Harrison\HarrDa03,DT,DET,"$6,750,000 ",Damon Harrison
,Damontae Kazee\KazeDa00,CB,ATL,"$645,000 ",Damontae Kazee
,Dan Bailey\BailDa00,K,MIN,"$1,000,000 ",Dan Bailey
896,Dan Feeney\FeenDa00,OG,LAC,"$793,000 ",Dan Feeney
,Dane Cruikshank\CruiDa00,CB,TEN,"$570,000 ",Dane Cruikshank
,Daniel Brown\BrowDa04,TE,NYJ,"$805,000 ",Daniel Brown
,Daniel Brunskill\BrunDa00,OT,SFO,"$495,000 ",Daniel Brunskill
,Daniel Carlson\CarlDa00,K,OAK,"$570,000 ",Daniel Carlson
,Daniel Ekuale\EkuaDa00,DL,CLE,"$495,000 ",Daniel Ekuale
,Daniel Jones\JoneDa05,QB,NYG,"$495,000 ",Daniel Jones
339,Daniel Kilgore\KilgDa00,OL,MIA,"$2,225,000 ",Daniel Kilgore
,Daniel McCullers\McCuDa00,DT,PIT,"$1,000,000 ",Daniel McCullers
224,Daniel Sorensen\SoreDa01,S,KAN,"$3,600,000 ",Daniel Sorensen
,Danielle Hunter\HuntDa01,DE,MIN,"$9,400,000 ",Danielle Hunter
,Danny Amendola\AmenDa00,WR,DET,"$4,250,000 ",Danny Amendola
,Danny Isidora\IsidDa00,OG,MIA,"$645,000 ",Danny Isidora
,Danny Shelton\ShelDa01,DT,NWE,"$805,000 ",Danny Shelton
,Danny Trevathan\TrevDa00,OLB,CHI,"$5,800,000 ",Danny Trevathan
,Danny Vitale\VitaDa00,FB,GNB,"$720,000 ",Danny Vitale
,Dante Fowler\FowlDa00,OLB,LAR,"$1,000,000 ",Dante Fowler
903,Dante Pettis\PettDa00,WR,SFO,"$770,934 ",Dante Pettis
,DaQuan Jones\JoneDa04,DT,TEN,"$6,000,000 ",DaQuan Jones
,Dare Ogunbowale\OgunDa00,RB,TAM,"$495,000 ",Dare Ogunbowale
345,Daren Bates\BateDa00,LB,TEN,"$2,050,000 ",Daren Bates
,Darian Stewart\StewDa00,DB,TAM,"$930,000 ",Darian Stewart
,Darian Thompson\ThomDa05,FS,DAL,"$720,000 ",Darian Thompson
,Darious Williams\WillDa09,CB,LAR,"$570,000 ",Darious Williams
,Darius Jennings\JennDa00,WR,TEN,"$720,000 ",Darius Jennings
810,Darius Leonard\LeonDa00,LB,IND,"$809,446 ",Darius Leonard
,Darius Phillips\PhilDa02,CB,CIN,"$570,000 ",Darius Phillips
30,Darius Slay\SlayDa00,CB,DET,"$12,550,000 ",Darius Slay
,Darius Slayton\SlayDa01,WR,NYG,"$495,000 ",Darius Slayton
250,Darnell Savage\SavaDa00,S,GNB,"$3,120,000 ",Darnell Savage
588,Da'Ron Payne\PaynDa00,DT,WAS,"$1,135,380 ",Da'Ron Payne
,Darrel Williams\WillDa10,RB,KAN,"$570,000 ",Darrel Williams
,Darrell Daniels\DaniDa02,TE,ARI,"$645,000 ",Darrell Daniels
,Darrell Henderson\HendDa00,RB,LAR,"$495,000 ",Darrell Henderson
,Darren Fells\FellDa01,TE,HOU,"$900,000 ",Darren Fells
,Darren Sproles\SproDa00,RB,PHI,"$1,030,000 ",Darren Sproles
,Darren Waller\WallDa01,WR,OAK,"$720,000 ",Darren Waller
,Darrius Shepherd\ShepDa00,WR,GNB,"$495,000 ",Darrius Shepherd
449,Darron Lee\LeexDa00,OLB,KAN,"$1,843,861 ",Darron Lee
,Darryl Johnson\JohnDa10,DE,BUF,"$495,000 ",Darryl Johnson
,Darryl Roberts\RobeDa00,CB,NYJ,"$1,000,000 ",Darryl Roberts
,Darwin Thompson\ThomDa06,RB,KAN,"$495,000 ",Darwin Thompson
,Daryl Williams\WillDa06,OT,CAR,"$2,250,000 ",Daryl Williams
,Daryl Worley\WorlDa00,CB,OAK,"$3,095,000 ",Daryl Worley
,Davante Adams\AdamDa01,WR,GNB,"$2,750,000 ",Davante Adams
85,David Bakhtiari\BakhDa00,OT,GNB,"$8,500,000 ",David Bakhtiari
119,David DeCastro\DeCaDa00,G,PIT,"$7,070,000 ",David DeCastro
,David Edwards\EdwaDa01,OL,LAR,"$495,000 ",David Edwards
,David Fales\FaleDa00,QB,NYJ,"$805,000 ",David Fales
,David Fluellen\FlueDa00,RB,TEN,"$720,000 ",David Fluellen
162,David Johnson\JohnDa08,RB,ARI,"$5,700,000 ",David Johnson
,David Long\LongDa04,LB,TEN,"$495,000 ",David Long
777,David Mayo\MayoDa00,ILB,NYG,"$850,000 ",David Mayo
,David Montgomery\MontDa01,RB,CHI,"$495,000 ",David Montgomery
,David Moore\MoorDa03,WR,SEA,"$645,000 ",David Moore
544,David Njoku\NjokDa00,TE,CLE,"$1,330,918 ",David Njoku
,David Onyemata\OnyeDa00,DT,NOR,"$2,025,000 ",David Onyemata
,David Quessenberry\QuesDa00,OT,TEN,"$495,000 ",David Quessenberry
,David Sharpe\SharDa02,OT,OAK,"$645,000 ",David Sharpe
,Davon Godchaux\GodcDa00,DT,MIA,"$645,000 ",Davon Godchaux
,Davontae Harris\HarrDa05,CB,DEN,"$570,000 ",Davontae Harris
,Dawson Knox\KnoxDa00,TE,BUF,"$495,000 ",Dawson Knox
,Dawuane Smoot\SmooDa00,DE,JAX,"$812,500 ",Dawuane Smoot
995,Daylon Mack\MackDa00,DL,BAL,"$704,500 ",Daylon Mack
,Dean Lowry\LowrDe00,DE,GNB,"$2,025,000 ",Dean Lowry
,Dean Marlowe\MarlDe00,S,BUF,"$645,000 ",Dean Marlowe
,Deandre Baker\BakeDe00,CB,NYG,"$495,000 ",Deandre Baker
,DeAndre Carter\CartDe02,WR,HOU,"$570,000 ",DeAndre Carter
,DeAndre Hopkins\HopkDe00,WR,HOU,"$12,500,000 ",DeAndre Hopkins
,DeAndre Houston-Carson\HousDe00,FS,CHI,"$720,000 ",DeAndre Houston-Carson
,DeAndre Washington\WashDe00,RB,OAK,"$720,000 ",DeAndre Washington
,De'Anthony Thomas\ThomDe05,RB,KAN,"$805,000 ",De'Anthony Thomas
,Deatrich Wise\WiseDe00,DE,NWE,"$645,000 ",Deatrich Wise
,Dede Westbrook\WestDe00,WR,JAX,"$645,000 ",Dede Westbrook
187,Dee Ford\FordDe00,DE,SFO,"$4,750,000 ",Dee Ford
,Dee Virgin\VirgDe00,CB,DET,"$570,000 ",Dee Virgin
,Deebo Samuel\SamuDe00,WR,SFO,"$495,000 ",Deebo Samuel
,DeForest Buckner\BuckDe00,DT,SFO,"$720,000 ",DeForest Buckner
606,Deion Jones\JoneDe01,OLB,ATL,"$1,069,860 ",Deion Jones
,Deionte Thompson\ThomDe06,S,ARI,"$495,000 ",Deionte Thompson
207,Delanie Walker\WalkHu00,TE,TEN,"$4,080,000 ",Delanie Walker
1016,Delano Hill\HillDe02,FS,SEA,"$678,000 ",Delano Hill
215,Demar Dotson\DotsDe00,T,TAM,"$3,975,000 ",Demar Dotson
,Demarcus Lawrence\LawrDe00,DE,DAL,"$1,500,000 ",Demarcus Lawrence
,Demarcus Robinson\RobiDe01,WR,KAN,"$2,015,500 ",Demarcus Robinson
756,DeMarcus Walker\WalkDe03,DE,DEN,"$926,260 ",DeMarcus Walker
155,Demario Davis\DaviDe00,OLB,NOR,"$5,950,000 ",Demario Davis
,Demaryius Thomas\ThomDe03,WR,NYJ,"$1,200,000 ",Demaryius Thomas
,Demetrius Harris\HarrDe03,TE,CLE,"$1,250,000 ",Demetrius Harris
,Demone Harris\HarrDe06,DE,TAM,"$570,000 ",Demone Harris
,Denico Autry\AutrDe00,DE,IND,"$3,500,000 ",Denico Autry
,Dennis Daley\DaleDe00,OL,CAR,"$495,000 ",Dennis Daley
,Dennis Gardeck\GardDe01,LB,ARI,"$570,000 ",Dennis Gardeck
,Dennis Kelly\KellDe00,OT,TEN,"$1,350,000 ",Dennis Kelly
,Denzel Perryman\PerrDe00,ILB,LAC,"$850,000 ",Denzel Perryman
451,Denzel Ward\WardDe02,CB,CLE,"$1,805,698 ",Denzel Ward
,Denzelle Good\GoodDe01,OT,OAK,"$1,000,000 ",Denzelle Good
,Deon Bush\BushDe00,FS,CHI,"$720,000 ",Deon Bush
,Deon Cain\CainDe00,WR,IND,"$495,000 ",Deon Cain
,Deon Lacey\LaceDe00,LB,MIA,"$645,000 ",Deon Lacey
,Deon Yelder\YeldDe00,TE,KAN,"$570,000 ",Deon Yelder
610,Deone Bucannon\BucaDe00,SS,TAM,"$1,050,000 ",Deone Bucannon
,Deonte Harris\HarrDe07,WR,NOR,"$495,000 ",Deonte Harris
471,Derek Barnett\BarnDe01,DE,PHI,"$1,633,252 ",Derek Barnett
4,Derek Carr\CarrDe02,QB,OAK,"$19,900,000 ",Derek Carr
473,Derek Carrier\CarrDe00,WR,OAK,"$1,600,000 ",Derek Carrier
,Derek Watt\WattDe00,FB,LAC,"$720,000 ",Derek Watt
,Derek Wolfe\WolfDe00,DT,DEN,"$8,000,000 ",Derek Wolfe
,D'Ernest Johnson\JohnDE04,RB,CLE,"$495,000 ",D'Ernest Johnson
578,Derrick Henry\HenrDe00,RB,TEN,"$1,187,445 ",Derrick Henry
1208,Derrick Nnadi\NnadDe00,DT,KAN,"$601,500 ",Derrick Nnadi
1007,Derrius Guice\GuicDe00,RB,WAS,"$686,452 ",Derrius Guice
,DeSean Jackson\JackDe00,WR,PHI,"$1,030,000 ",DeSean Jackson
467,Deshaun Watson\WatsDe00,QB,HOU,"$1,724,480 ",Deshaun Watson
572,Deshazor Everett\EverDe01,CB,WAS,"$1,225,000 ",Deshazor Everett
,DeShon Elliott\ElliDe02,SS,BAL,"$570,000 ",DeShon Elliott
,Desmond King\KingDe01,FS,LAC,"$645,000 ",Desmond King
,Desmond Trufant\TrufDe00,CB,ATL,"$9,500,000 ",Desmond Trufant
,De'Vante Bausby\BausDe00,DB,DEN,"$645,000 ",De'Vante Bausby
,Devante Bond\BondDe00,OLB,TAM,"$645,000 ",Devante Bond
,Devante Downs\DownDe00,LB,MIN,"$570,000 ",Devante Downs
,DeVante Parker\ParkDe01,WR,MIA,"$3,500,000 ",DeVante Parker
,Devaroe Lawrence\LawrDe02,DL,CLE,"$570,000 ",Devaroe Lawrence
,Devin Bush\BushDe01,LB,PIT,"$495,000 ",Devin Bush
,Devin Funchess\FuncDe00,WR,IND,"$3,000,000 ",Devin Funchess
,Devin McCourty\McCoDe99,DB,NWE,"$9,000,000 ",Devin McCourty
,Devin Singletary\SingDe00,RB,BUF,"$495,000 ",Devin Singletary
,Devin Smith\SmitDe04,WR,DAL,"$645,000 ",Devin Smith
,Devin White\WhitDe02,LB,TAM,"$495,000 ",Devin White
,Devine Ozigbo\OzigDe01,RB,JAX,"$495,000 ",Devine Ozigbo
,Devon Kennard\KennDe00,OLB,DET,"$3,500,000 ",Devon Kennard
,De'Vondre Campbell\CampDe00,OLB,ATL,"$2,025,000 ",De'Vondre Campbell
221,Devonta Freeman\FreeDe00,RB,ATL,"$3,750,000 ",Devonta Freeman
,Devontae Booker\BookDe00,RB,DEN,"$720,000 ",Devontae Booker
,Dexter Lawrence\LawrDe03,DL,NYG,"$495,000 ",Dexter Lawrence
792,Dion Dawkins\DawkDi00,OG,BUF,"$845,294 ",Dion Dawkins
208,Dion Lewis\LewiDi00,RB,TEN,"$4,000,000 ",Dion Lewis
,Diontae Johnson\JohnDi01,WR,PIT,"$495,000 ",Diontae Johnson
,Diontae Spencer\SpenDi00,WR,DEN,"$495,000 ",Diontae Spencer
1010,DJ Chark\CharDJ00,WR,JAX,"$682,147 ",DJ Chark
,Dominique Rodgers-Cromartie\RodgDo99,DB,WAS,"$1,030,000 ",Dominique Rodgers-Cromartie
,Don Muhlbach\MuhlDo20,C,DET,"$1,030,000 ",Don Muhlbach
617,Donald Penn\PennDo20,T,WAS,"$1,030,000 ",Donald Penn
,Donovan Smith\SmitDo02,OT,TAM,"$7,000,000 ",Donovan Smith
,Donovan Wilson\WilsDo01,S,DAL,"$495,000 ",Donovan Wilson
,Dont'a Hightower\HighDo01,ILB,NWE,"$7,000,000 ",Dont'a Hightower
,Dontae Johnson\JohnDo02,FS,2TM,"$805,000 ",Dontae Johnson
,Dontari Poe\PoexDo00,DT,CAR,"$4,500,000 ",Dontari Poe
,Dontavius Russell\RussDo00,DL,JAX,"$495,000 ",Dontavius Russell
1001,Donte Jackson\JackDo02,CB,CAR,"$698,751 ",Donte Jackson
,Donte Moncrief\MoncDo00,WR,PIT,"$1,500,000 ",Donte Moncrief
,Dontrell Hilliard\HillDo00,RB,CLE,"$570,000 ",Dontrell Hilliard
,Dontrelle Inman\InmaDo00,WR,LAC,"$805,000 ",Dontrelle Inman
,Dorance Armstrong\ArmsDo00,DE,DAL,"$570,000 ",Dorance Armstrong
1211,Dorian O'Daniel\ODanDo00,OLB,KAN,"$584,000 ",Dorian O'Daniel
,Doug Middleton\MiddDo01,S,MIA,"$570,000 ",Doug Middleton
992,Dre Greenlaw\GreeDr00,LB,SFO,"$710,000 ",Dre Greenlaw
74,Dre Kirkpatrick\KirkDr00,CB,CIN,"$9,150,000 ",Dre Kirkpatrick
,Dre'Mont Jones\JoneDr00,DL,DEN,"$495,000 ",Dre'Mont Jones
,Drew Brees\BreeDr00,QB,NOR,"$1,400,000 ",Drew Brees
,Drew Sample\SampDr00,TE,CIN,"$495,000 ",Drew Sample
805,Dru Samia\SamiDr00,OL,MIN,"$812,500 ",Dru Samia
,Drue Tranquill\TranDr00,LB,LAC,"$495,000 ",Drue Tranquill
,Duane Brown\BrowDu20,G,SEA,"$8,000,000 ",Duane Brown
1002,Duke Dawson\DawsDu00,CB,DEN,"$695,676 ",Duke Dawson
,Duke Johnson\JohnDu00,RB,HOU,"$1,800,000 ",Duke Johnson
917,Duke Riley\RileDu00,OLB,2TM,"$726,500 ",Duke Riley
,Duke Shelley\ShelDu00,CB,CHI,"$495,000 ",Duke Shelley
,Duke Williams\WillDu01,WR,BUF,"$495,000 ",Duke Williams
,Durham Smythe\SmytDu00,TE,MIA,"$570,000 ",Durham Smythe
,Duron Harmon\HarmDu00,FS,NWE,"$2,500,000 ",Duron Harmon
,Dustin Colquitt\ColqDu20,P,KAN,"$2,450,000 ",Dustin Colquitt
331,Dustin Hopkins\HopkDu00,K,WAS,"$2,275,000 ",Dustin Hopkins
,Dwayne Harris\HarrDw00,WR,OAK,"$930,000 ",Dwayne Harris
,Dwayne Haskins\HaskDw00,QB,WAS,"$495,000 ",Dwayne Haskins
,Dwayne Washington\WashDw00,RB,NOR,"$720,000 ",Dwayne Washington
,Dylan Cole\ColeDy00,LB,HOU,"$645,000 ",Dylan Cole
,E.J. Speed\SpeeEJ00,LB,IND,"$700,000 ",E.J. Speed
,Earl Thomas\ThomEa99,DB,BAL,"$2,000,000 ",Earl Thomas
,Earl Watford\WatfEa00,OG,TAM,"$805,000 ",Earl Watford
,Ed Oliver\OlivEd00,DL,BUF,"$495,000 ",Ed Oliver
,Eddie Goldman\GoldEd00,DT,CHI,"$2,250,000 ",Eddie Goldman
,Eddie Jackson\JackEd01,SS,CHI,"$645,000 ",Eddie Jackson
,Eddy Pineiro\PineEd00,K,CHI,"$495,000 ",Eddy Pineiro
,Efe Obada\ObadEf00,LB,CAR,"$570,000 ",Efe Obada
,Elandon Roberts\RobeEl00,ILB,NWE,"$2,025,000 ",Elandon Roberts
,Elgton Jenkins\JenkEl00,OL,GNB,"$495,000 ",Elgton Jenkins
305,Eli Apple\ApplEl00,CB,NOR,"$2,516,225 ",Eli Apple
38,Eli Manning\MannEl00,QB,NYG,"$11,500,000 ",Eli Manning
,Elijah Wilkinson\WilkEl00,OT,DEN,"$645,000 ",Elijah Wilkinson
,Elijhaa Penny\PennEl00,RB,NYG,"$645,000 ",Elijhaa Penny
,Emeke Egbule\EgbuEm00,LB,LAC,"$495,000 ",Emeke Egbule
,Emmanuel Moseley\MoseEm00,CB,SFO,"$495,000 ",Emmanuel Moseley
538,Emmanuel Ogbah\OgbaEm00,DE,KAN,"$1,351,315 ",Emmanuel Ogbah
49,Emmanuel Sanders\SandEm00,WR,DEN,"$10,250,000 ",Emmanuel Sanders
,Ereck Flowers\FlowEr00,OT,WAS,"$2,000,000 ",Ereck Flowers
,Eric Ebron\EbroEr00,TE,IND,"$5,250,000 ",Eric Ebron
48,Eric Fisher\FishEr00,OT,KAN,"$10,350,000 ",Eric Fisher
205,Eric Kendricks\KendEr00,ILB,MIN,"$4,150,000 ",Eric Kendricks
,Eric Kush\KushEr00,C,CLE,"$1,100,000 ",Eric Kush
396,Eric Murray\MurrEr00,CB,CLE,"$2,015,500 ",Eric Murray
,Eric Reid\ReidEr00,FS,CAR,"$1,500,000 ",Eric Reid
536,Eric Rowe\RoweEr00,CB,MIA,"$1,375,000 ",Eric Rowe
,Eric Tomlinson\TomlEr01,TE,NYG,"$750,000 ",Eric Tomlinson
199,Eric Weddle\WeddEr99,DB,LAR,"$4,250,524 ",Eric Weddle
,Eric Wilson\WilsEr00,ILB,MIN,"$645,000 ",Eric Wilson
550,Erik Harris\HarrEr00,DB,OAK,"$1,275,000 ",Erik Harris
,Erik McCoy\McCoEr01,OL,NOR,"$495,000 ",Erik McCoy
775,Ethan Pocic\PociEt00,C,SEA,"$865,821 ",Ethan Pocic
,Evan Baylis\BaylEv00,TE,GNB,"$495,000 ",Evan Baylis
,Evan Boehm\BoehEv00,C,MIA,"$3,095,000 ",Evan Boehm
522,Evan Engram\EngrEv00,TE,NYG,"$1,439,391 ",Evan Engram
139,Everson Griffen\GrifEv99,DE,MIN,"$6,400,000 ",Everson Griffen
,Ezekiel Ansah\AnsaEz00,DE,SEA,"$2,500,000 ",Ezekiel Ansah
219,Ezekiel Elliott\ElliEz00,RB,DAL,"$3,853,137 ",Ezekiel Elliott
1009,Fabian Moreau\MoreFa00,CB,WAS,"$684,000 ",Fabian Moreau
,Fadol Brown\BrowFa00,DE,GNB,"$570,000 ",Fadol Brown
,Fletcher Cox\CoxxFl00,DT,PHI,"$930,000 ",Fletcher Cox
,Folorunso Fatukasi\FatuFo00,DT,NYJ,"$570,000 ",Folorunso Fatukasi
605,Forrest Lamp\LampFo00,OG,LAC,"$1,071,084 ",Forrest Lamp
760,Foster Moreau\MoreFo00,TE,OAK,"$910,000 ",Foster Moreau
,Foyesade Oluokun\OluoFo00,S,ATL,"$570,000 ",Foyesade Oluokun
,Frank Clark\ClarFr01,DE,KAN,"$805,000 ",Frank Clark
,Frank Gore\GoreFr00,RB,BUF,"$1,250,000 ",Frank Gore
637,Frank Ragnow\RagnFr00,C,DET,"$1,015,461 ",Frank Ragnow
,Frankie Luvu\LuvuFr00,LB,NYJ,"$570,000 ",Frankie Luvu
,Fred Brown\BrowFr01,WR,DEN,"$495,000 ",Fred Brown
1035,Fred Warner\WarnFr00,OLB,SFO,"$663,137 ",Fred Warner
,Gardner Minshew\MinsGa00,QB,JAX,"$495,000 ",Gardner Minshew
523,Gareon Conley\ConlGa00,CB,OAK,"$1,416,584 ",Gareon Conley
512,Garett Bolles\BollGa00,OT,DEN,"$1,467,900 ",Garett Bolles
,Garrett Bradbury\BradGa00,OL,MIN,"$495,000 ",Garrett Bradbury
,Garrett Dickerson\DickGa00,TE,NYG,"$570,000 ",Garrett Dickerson
,Garrett Gilbert\GilbGa01,QB,CLE,"$570,000 ",Garrett Gilbert
,Genard Avery\AverGe00,LB,CLE,"$570,000 ",Genard Avery
93,Geno Atkins\AtkiGe99,DT,CIN,"$8,000,000 ",Geno Atkins
,Geoff Swaim\SwaiGe00,TE,JAX,"$1,500,000 ",Geoff Swaim
,George Fant\FantGe00,T,SEA,"$3,095,000 ",George Fant
,George Kittle\KittGe00,TE,SFO,"$645,000 ",George Kittle
,George Odum\OdumGe00,S,IND,"$570,000 ",George Odum
638,Gerald Everett\EverGe00,TE,LAR,"$1,014,497 ",Gerald Everett
268,Gerald McCoy\McCoGe99,DT,CAR,"$3,000,000 ",Gerald McCoy
,Geremy Davis\DaviGe00,WR,LAC,"$805,000 ",Geremy Davis
476,Germain Ifedi\IfedGe00,OT,SEA,"$1,577,060 ",Germain Ifedi
,Germaine Pratt\PratGe00,LB,CIN,"$495,000 ",Germaine Pratt
1042,Geron Christian\ChriGe01,OT,WAS,"$647,000 ",Geron Christian
,Geronimo Allison\AlliGe01,WR,GNB,"$1,450,000 ",Geronimo Allison
,Giovani Bernard\BernGi00,RB,CIN,"$3,400,000 ",Giovani Bernard
435,Golden Tate\TateGo00,WR,NYG,"$1,975,000 ",Golden Tate
16,Grady Jarrett\JarrGr00,DT,ATL,"$15,209,000 ",Grady Jarrett
,Graham Glasgow\GlasGr00,OG,DET,"$2,025,000 ",Graham Glasgow
,Grant Haley\HaleGr00,CB,NYG,"$570,000 ",Grant Haley
,Greedy Williams\WillGr00,CB,CLE,"$495,000 ",Greedy Williams
,Greg Gaines\GainGr00,DL,LAR,"$495,000 ",Greg Gaines
,Greg Little\LittGr01,OL,CAR,"$495,000 ",Greg Little
,Greg Mabin\MabiGr00,CB,CIN,"$645,000 ",Greg Mabin
,Greg Mancz\MancGr00,C,HOU,"$1,500,000 ",Greg Mancz
,Greg Olsen\OlseGr00,TE,CAR,"$1,900,000 ",Greg Olsen
,Greg Robinson\RobiGr01,OT,CLE,"$5,500,000 ",Greg Robinson
,Greg Stroman\StroGr00,CB,WAS,"$570,000 ",Greg Stroman
,Greg Van Roten\VanRGr00,G,CAR,"$805,000 ",Greg Van Roten
328,Greg Zuerlein\ZuerGr00,K,LAR,"$2,325,000 ",Greg Zuerlein
,Grover Stewart\StewGr00,DT,IND,"$645,000 ",Grover Stewart
,Gunner Olszewski\OlszGu00,WR,NWE,"$495,000 ",Gunner Olszewski
,Gus Edwards\EdwaGu00,RB,BAL,"$570,000 ",Gus Edwards
,Ha Ha Clinton-Dix\ClinHa00,FS,CHI,"$2,000,000 ",Ha Ha Clinton-Dix
470,Haason Reddick\ReddHa00,OLB,ARI,"$1,690,270 ",Haason Reddick
,Halapoulivaati Vaitai\VaitHa00,OT,PHI,"$2,025,000 ",Halapoulivaati Vaitai
,Hale Hentges\HentHa00,TE,WAS,"$495,000 ",Hale Hentges
898,Harold Landry\LandHa00,OLB,TEN,"$786,077 ",Harold Landry
,Harrison Butker\ButkHa00,K,KAN,"$645,000 ",Harrison Butker
,Harrison Phillips\PhilHa00,DT,BUF,"$570,000 ",Harrison Phillips
88,Harrison Smith\SmitHa00,FS,MIN,"$8,350,000 ",Harrison Smith
,Harvey Langi\LangHa00,ILB,NYJ,"$570,000 ",Harvey Langi
,Hassan Ridgeway\RidgHa00,DT,PHI,"$720,000 ",Hassan Ridgeway
712,Hayden Hurst\HursHa00,TE,BAL,"$981,638 ",Hayden Hurst
,Henry Anderson\AndeHe00,DE,NYJ,"$2,000,000 ",Henry Anderson
,Hercules Mata'afa\MataHe00,DE,MIN,"$495,000 ",Hercules Mata'afa
,Hunter Bradley\BradHu00,LS,GNB,"$570,000 ",Hunter Bradley
579,Hunter Henry\HenrHu00,TE,LAC,"$1,170,042 ",Hunter Henry
993,Hunter Renfrow\RenfHu00,WR,OAK,"$707,500 ",Hunter Renfrow
,Ian Thomas\ThomIa00,TE,CAR,"$570,000 ",Ian Thomas
,Ifeadi Odenigbo\OdenIf00,DE,MIN,"$570,000 ",Ifeadi Odenigbo
,Ike Boettger\BoetIk00,G,BUF,"$570,000 ",Ike Boettger
521,Irv Smith Jr.\SmitIr01,TE,MIN,"$1,447,500 ",Irv Smith Jr.
,Isaac Rochell\RochIs00,DE,LAC,"$645,000 ",Isaac Rochell
909,Isaac Seumalo\SeumIs00,OG,PHI,"$749,000 ",Isaac Seumalo
,Isaac Yiadom\YiadIs00,CB,DEN,"$570,000 ",Isaac Yiadom
,Isaiah Ford\FordIs00,WR,MIA,"$570,000 ",Isaiah Ford
,Isaiah Irving\IrviIs00,OLB,CHI,"$645,000 ",Isaiah Irving
,Isaiah Mack\MackIs00,DT,TEN,"$495,000 ",Isaiah Mack
,Isaiah McKenzie\McKeIs00,WR,BUF,"$645,000 ",Isaiah McKenzie
1004,Isaiah Oliver\OlivIs00,CB,ATL,"$690,757 ",Isaiah Oliver
,Isaiah Prince\PrinIs00,OL,MIA,"$495,000 ",Isaiah Prince
643,Isaiah Wynn\WynnIs00,OT,NWE,"$1,000,087 ",Isaiah Wynn
,Ito Smith\SmitIt00,RB,ATL,"$570,000 ",Ito Smith
,J.C. Jackson\JackJ.00,DB,NWE,"$570,000 ",J.C. Jackson
,J.C. Tretter\TretJC00,OG,CLE,"$5,500,000 ",J.C. Tretter
,J.D. McKissic\McKiJ.00,WR,DET,"$645,000 ",J.D. McKissic
,J.J. Jansen\JansJ.00,C,CAR,"$1,030,000 ",J.J. Jansen
24,J.J. Watt\WattJ.00,DE,HOU,"$13,000,000 ",J.J. Watt
,J.P. Holtz\HoltJ.01,TE,2TM,"$495,000 ",J.P. Holtz
,J.R. Sweezy\SweeJ.00,G,ARI,"$1,500,000 ",J.R. Sweezy
,J.T. Gray\GrayJ.00,DB,NOR,"$570,000 ",J.T. Gray
,Jabaal Sheard\SheaJa00,DL,IND,"$7,500,000 ",Jabaal Sheard
525,Jabrill Peppers\PeppJa00,SS,NYG,"$1,405,181 ",Jabrill Peppers
,Jack Cichy\CichJa00,ILB,TAM,"$570,000 ",Jack Cichy
300,Jack Conklin\ConkJa00,OT,TEN,"$2,617,862 ",Jack Conklin
303,Jack Crawford\CrawJa00,DE,ATL,"$2,550,000 ",Jack Crawford
175,Jack Doyle\DoylJa00,TE,IND,"$5,150,000 ",Jack Doyle
,Jacob Hollister\HollJa03,TE,SEA,"$645,000 ",Jacob Hollister
,Jacob Martin\MartJa02,LB,HOU,"$570,000 ",Jacob Martin
,Jacoby Brissett\BrisJa00,QB,IND,"$2,000,000 ",Jacoby Brissett
14,Jadeveon Clowney\ClowJa00,DE,SEA,"$15,967,200 ",Jadeveon Clowney
,Jaeden Graham\GrahJa01,TE,ATL,"$495,000 ",Jaeden Graham
,Jahlani Tavai\TavaJa00,LB,DET,"$495,000 ",Jahlani Tavai
,Jahleel Addae\AddaJa00,S,HOU,"$805,000 ",Jahleel Addae
632,Jaire Alexander\AlexJa00,CB,GNB,"$1,027,761 ",Jaire Alexander
,Jake Bailey\BailJa00,P,NWE,"$495,000 ",Jake Bailey
,Jake Elliott\ElliJa03,K,PHI,"$645,000 ",Jake Elliott
,Jake Kumerow\KumeJa00,WR,GNB,"$570,000 ",Jake Kumerow
,Jake Matthews\MattJa00,OT,ATL,"$6,500,000 ",Jake Matthews
,Jake McQuaide\McQuJa00,LS,LAR,"$930,000 ",Jake McQuaide
,Jake Rodgers\RodgJa03,T,DEN,"$495,000 ",Jake Rodgers
,Jakeem Grant\GranJa00,WR,MIA,"$720,000 ",Jakeem Grant
,Jakobi Meyers\MeyeJa01,WR,NWE,"$495,000 ",Jakobi Meyers
,Jaleel Johnson\JohnJa09,DT,MIN,"$645,000 ",Jaleel Johnson
,Jaleel Scott\ScotJa02,WR,BAL,"$495,000 ",Jaleel Scott
223,Jalen Ramsey\RamsJa00,CB,JAX,"$3,634,227 ",Jalen Ramsey
,Jalen Reeves-Maybin\ReevJa00,OLB,DET,"$645,000 ",Jalen Reeves-Maybin
,Jalen Richard\RichJa01,RB,OAK,"$3,095,000 ",Jalen Richard
,Jalen Thompson\ThomJa04,,ARI,"$495,000 ",Jalen Thompson
,Jalyn Holmes\HolmJa01,DE,MIN,"$570,000 ",Jalyn Holmes
,Jamaal Williams\WillJa06,RB,GNB,"$645,000 ",Jamaal Williams
,Jamal Adams\AdamJa00,SS,NYJ,"$645,000 ",Jamal Adams
,Jamal Agnew\AgneJa00,CB,DET,"$645,000 ",Jamal Agnew
,Jamal Carter\CartJa02,S,ATL,"$570,000 ",Jamal Carter
,Jamar Taylor\TaylJa01,CB,SEA,"$805,000 ",Jamar Taylor
,Jamarco Jones\JoneJa08,OT,SEA,"$495,000 ",Jamarco Jones
2,Jameis Winston\WinsJa00,QB,TAM,"$20,922,000 ",Jameis Winston
,Jamel Dean\DeanJa00,CB,TAM,"$495,000 ",Jamel Dean
724,James Bradberry\BradJa00,CB,CAR,"$940,114 ",James Bradberry
,James Carpenter\CarpJa00,OL,ATL,"$2,000,000 ",James Carpenter
1028,James Conner\ConnJa00,RB,PIT,"$668,000 ",James Conner
,James Crawford\CrawJa01,LB,MIA,"$570,000 ",James Crawford
895,James Daniels\DaniJa01,C,CHI,"$795,916 ",James Daniels
,James Develin\DeveJa00,RB,NWE,"$1,000,000 ",James Develin
,James Ferentz\FereJa00,C,NWE,"$720,000 ",James Ferentz
,James Hurst\HursJa00,OT,BAL,"$3,500,000 ",James Hurst
,James O'Shaughnessy\O'ShJa00,TE,JAX,"$805,000 ",James O'Shaughnessy
1008,James Washington\WashJa00,WR,PIT,"$684,607 ",James Washington
,James White\WhitJa02,RB,NWE,"$2,500,000 ",James White
800,James Winchester\WincJa00,LS,KAN,"$820,000 ",James Winchester
761,Jamie Collins\CollJa00,OLB,NWE,"$900,000 ",Jamie Collins
,Jamie Gillan\GillJa00,P,CLE,"$495,000 ",Jamie Gillan
,Jamil Demby\DembJa00,OT,LAR,"$570,000 ",Jamil Demby
,Jamil Douglas\DougJa00,OG,TEN,"$570,000 ",Jamil Douglas
,Jamison Crowder\CrowJa00,WR,NYJ,"$1,500,000 ",Jamison Crowder
,Jamize Olawale\OlawJa00,FB,DAL,"$1,000,000 ",Jamize Olawale
,Jamon Brown\BrowJa04,OT,ATL,"$2,500,000 ",Jamon Brown
51,Janoris Jenkins\JenkJa03,CB,NYG,"$10,150,000 ",Janoris Jenkins
,Jaquan Johnson\JohnJa11,CB,BUF,"$495,000 ",Jaquan Johnson
,Jaquiski Tartt\TartJa00,SS,SFO,"$3,000,000 ",Jaquiski Tartt
,Jared Cook\CookJa02,TE,NOR,"$2,000,000 ",Jared Cook
198,Jared Goff\GoffJa00,QB,LAR,"$4,259,683 ",Jared Goff
,Jarius Wright\WrigJa02,WR,CAR,"$1,500,000 ",Jarius Wright
,Jaron Brown\BrowJa03,WR,SEA,"$2,750,000 ",Jaron Brown
513,Jarrad Davis\DaviJa01,ILB,DET,"$1,462,198 ",Jarrad Davis
,Jarrett Stidham\StidJa00,QB,NWE,"$495,000 ",Jarrett Stidham
515,Jarrod Wilson\WilsJa00,S,JAX,"$1,450,000 ",Jarrod Wilson
,Jarvis Landry\LandJa00,WR,CLE,"$12,500,000 ",Jarvis Landry
,Jason Kelce\KelcJa00,OL,PHI,"$930,000 ",Jason Kelce
399,Jason McCourty\McCoJa99,DB,NWE,"$2,000,000 ",Jason McCourty
,Jason Myers\MyerJa00,K,SEA,"$1,500,000 ",Jason Myers
,Jason Peters\PeteJa21,T,PHI,"$3,500,000 ",Jason Peters
,Jason Sanders\SandJa00,K,MIA,"$570,000 ",Jason Sanders
,Jason Verrett\VerrJa00,CB,SFO,"$1,100,000 ",Jason Verrett
,Jason Witten\WittJa00,TE,DAL,"$2,000,000 ",Jason Witten
,Jatavis Brown\BrowJa05,OLB,LAC,"$2,025,000 ",Jatavis Brown
,Javien Elliott\ElliJa01,CB,CAR,"$720,000 ",Javien Elliott
,Javon Hargrave\HargJa00,DT,PIT,"$2,025,000 ",Javon Hargrave
,Javon Wims\WimsJa00,WR,CHI,"$570,000 ",Javon Wims
,Jawaan Taylor\TaylJa02,OL,JAX,"$495,000 ",Jawaan Taylor
,Ja'Whaun Bentley\BentJa00,ILB,NWE,"$570,000 ",Ja'Whaun Bentley
,Ja'Wuan James\JameJa01,OT,DEN,"$5,000,000 ",Ja'Wuan James
,Jaylen Samuels\SamuJa00,RB,PIT,"$570,000 ",Jaylen Samuels
,Jaylen Watkins\WatkJa01,CB,LAC,"$805,000 ",Jaylen Watkins
,Jaylon Ferguson\FergJa02,DE,BAL,"$495,000 ",Jaylon Ferguson
543,Jaylon Smith\SmitJa05,OLB,DAL,"$1,335,678 ",Jaylon Smith
,Jayon Brown\BrowJa06,ILB,TEN,"$645,000 ",Jayon Brown
,Jayron Kearse\KearJa00,SS,MIN,"$720,000 ",Jayron Kearse
,Jayrone Elliott\ElliJa02,LB,PIT,"$720,000 ",Jayrone Elliott
,Jeff Heath\HeatJe00,S,DAL,"$2,000,000 ",Jeff Heath
,Jeff Heuerman\HeueJe00,TE,DEN,"$2,000,000 ",Jeff Heuerman
,Jeff Wilson\WilsJe01,RB,SFO,"$570,000 ",Jeff Wilson
,Jerell Adams\AdamJe01,TE,HOU,"$645,000 ",Jerell Adams
,Jeremiah Attaochu\AttaJe00,OLB,DEN,"$805,000 ",Jeremiah Attaochu
,Jeremy Reaves\ReavJe00,FS,WAS,"$495,000 ",Jeremy Reaves
,Jeremy Sprinkle\SpriJe00,TE,WAS,"$645,000 ",Jeremy Sprinkle
,Jermaine Carter\CartJe00,LB,CAR,"$570,000 ",Jermaine Carter
,Jermaine Eluemunor\ElueJe00,OG,NWE,"$645,000 ",Jermaine Eluemunor
,Jermaine Grace\GracJe00,LB,ATL,"$570,000 ",Jermaine Grace
,Jermaine Whitehead\WhitJe02,DB,CLE,"$645,000 ",Jermaine Whitehead
1039,Jerome Baker\BakeJe00,OLB,MIA,"$654,000 ",Jerome Baker
,Jerome Cunningham\CunnJe00,TE,WAS,"$645,000 ",Jerome Cunningham
128,Jerry Hughes\HughJe99,DE,BUF,"$6,800,000 ",Jerry Hughes
,Jerry Tillery\TillJe00,DL,LAC,"$495,000 ",Jerry Tillery
,Jesse Davis\DaviJe00,T,MIA,"$645,000 ",Jesse Davis
,Jesse James\JameJe00,TE,DET,"$805,000 ",Jesse James
994,Jessie Bates\BateJe00,FS,CIN,"$704,901 ",Jessie Bates
,Jihad Ward\WardJi02,DE,2TM,"$720,000 ",Jihad Ward
,Jimmie Ward\WardJi01,SS,SFO,"$2,000,000 ",Jimmie Ward
6,Jimmy Garoppolo\GaroJi00,QB,SFO,"$17,200,000 ",Jimmy Garoppolo
234,Jimmy Graham\GrahJi00,TE,GNB,"$3,450,000 ",Jimmy Graham
,Jimmy Moreland\MoreJi00,CB,WAS,"$495,000 ",Jimmy Moreland
,Jimmy Smith\SmitJi03,CB,BAL,"$9,500,000 ",Jimmy Smith
,JJ Arcega-Whiteside\ArceJJ00,WR,PHI,"$495,000 ",JJ Arcega-Whiteside
,JJ Nelson\NelsJJ00,WR,OAK,"$805,000 ",JJ Nelson
,JK Scott\ScotJK00,P,GNB,"$570,000 ",JK Scott
,J'Marcus Webb\WebbJM20,T,MIA,"$930,000 ",J'Marcus Webb
,Joe Cardona\CardJo00,LS,NWE,"$805,000 ",Joe Cardona
,Joe Dahl\DahlJo00,OG,DET,"$720,000 ",Joe Dahl
5,Joe Flacco\FlacJo00,QB,DEN,"$18,500,000 ",Joe Flacco
53,Joe Haden\HadeJo99,DB,PIT,"$10,000,000 ",Joe Haden
,Joe Haeg\HaegJo00,OT,IND,"$2,025,000 ",Joe Haeg
,Joe Jackson\JackJo02,EDGE,DAL,"$495,000 ",Joe Jackson
,Joe Looney\LoonJo01,G,DAL,"$1,000,000 ",Joe Looney
721,Joe Mixon\MixoJo00,RB,CIN,"$960,470 ",Joe Mixon
,Joe Schobert\SchoJo00,OLB,CLE,"$2,025,000 ",Joe Schobert
92,Joe Staley\StalJo20,T,SFO,"$8,050,000 ",Joe Staley
,Joe Thomas\ThomJo04,LB,DAL,"$1,750,000 ",Joe Thomas
434,Joe Thuney\ThunJo00,OG,NWE,"$1,995,000 ",Joe Thuney
,Joe Walker\WalkJo01,ILB,ARI,"$645,000 ",Joe Walker
,Joejuan Williams\WillJo13,CB,NWE,"$495,000 ",Joejuan Williams
,Joel Bitonio\BitoJo00,OT,CLE,"$6,500,000 ",Joel Bitonio
,Joel Iyiegbuniwe\IyieJo00,LB,CHI,"$570,000 ",Joel Iyiegbuniwe
,Joey Bosa\BosaJo00,DE,LAC,"$720,000 ",Joey Bosa
,Joey Hunt\HuntJo00,C,SEA,"$645,000 ",Joey Hunt
,Joey Ivie\IvieJo00,DT,KAN,"$495,000 ",Joey Ivie
,Joey Slye\SlyeJo00,K,CAR,"$495,000 ",Joey Slye
,John Atkins\AtkiJo01,DT,DET,"$495,000 ",John Atkins
220,John Brown\BrowJo02,WR,BUF,"$3,800,000 ",John Brown
,John Cominsky\ComiJo00,DE,ATL,"$495,000 ",John Cominsky
,John Jenkins\JenkJo00,DT,MIA,"$805,000 ",John Jenkins
,John Jerry\JerrJo20,G,CIN,"$930,000 ",John Jerry
1018,John Johnson\JohnJo10,S,LAR,"$677,000 ",John Johnson
,John Kelly\KellJo00,RB,LAR,"$570,000 ",John Kelly
,John Miller\MillJo04,OG,CIN,"$900,000 ",John Miller
395,John Ross\RossJo00,WR,CIN,"$2,020,988 ",John Ross
,John Simon\SimoJo01,DE,NWE,"$900,000 ",John Simon
,John Ursua\UrsuJo00,WR,SEA,"$495,000 ",John Ursua
,Johnathan Abram\AbraJo01,S,OAK,"$495,000 ",Johnathan Abram
,Johnathan Cyprien\CyprJo00,SS,2TM,"$805,000 ",Johnathan Cyprien
,Johnathan Hankins\HankJo00,DT,OAK,"$1,000,000 ",Johnathan Hankins
285,Johnathan Joseph\JoseJo20,DB,HOU,"$2,900,000 ",Johnathan Joseph
,Johnny Hekker\HekkJo00,P,LAR,"$3,250,000 ",Johnny Hekker
,Johnny Holton\HoltJo00,WR,PIT,"$645,000 ",Johnny Holton
,Johnny Mundt\MundJo00,TE,LAR,"$570,000 ",Johnny Mundt
,Johnson Bademosi\BadeJo00,DB,MIA,"$2,500,000 ",Johnson Bademosi
,Jojo Natson\NatsJo00,WR,LAR,"$645,000 ",Jojo Natson
,Jomal Wiltz\WiltJo01,DB,MIA,"$495,000 ",Jomal Wiltz
,Jon Feliciano\FeliJo00,OG,BUF,"$2,400,000 ",Jon Feliciano
,Jon Halapio\HalaJo00,OG,NYG,"$645,000 ",Jon Halapio
,Jon Weeks\WeekJo00,C,HOU,"$930,000 ",Jon Weeks
480,Jonathan Allen\AlleJo01,DT,WAS,"$1,519,216 ",Jonathan Allen
453,Jonathan Bostic\BostJo00,LB,WAS,"$1,800,000 ",Jonathan Bostic
,Jonathan Bullard\BullJo00,DE,ARI,"$820,000 ",Jonathan Bullard
,Jonathan Jones\JoneJo03,DB,NWE,"$3,095,000 ",Jonathan Jones
,Jonathan Ledbetter\LedbJo01,DE,MIA,"$495,000 ",Jonathan Ledbetter
,Jonathan Williams\WillJo07,RB,IND,"$720,000 ",Jonathan Williams
1027,Jonnu Smith\SmitJo01,TE,TEN,"$669,000 ",Jonnu Smith
,Jonotthan Harrison\HarrJo03,C,NYJ,"$1,500,000 ",Jonotthan Harrison
1209,Jordan Akins\AkinJo00,TE,HOU,"$600,000 ",Jordan Akins
,Jordan Berry\BerrJo00,P,PIT,"$1,150,000 ",Jordan Berry
,Jordan Chunn\ChunJo00,RB,DAL,"$495,000 ",Jordan Chunn
,Jordan Dangerfield\DangJo00,FS,PIT,"$645,000 ",Jordan Dangerfield
,Jordan Devey\DeveJo00,T,OAK,"$805,000 ",Jordan Devey
,Jordan Evans\EvanJo01,ILB,CIN,"$645,000 ",Jordan Evans
,Jordan Hicks\HickJo00,OLB,ARI,"$2,000,000 ",Jordan Hicks
,Jordan Howard\HowaJo00,RB,PHI,"$2,025,000 ",Jordan Howard
,Jordan Jenkins\JenkJo01,OLB,NYJ,"$2,025,000 ",Jordan Jenkins
,Jordan Kunaszyk\KunaJo00,LB,CAR,"$495,000 ",Jordan Kunaszyk
,Jordan Lucas\LucaJo00,SS,KAN,"$2,025,000 ",Jordan Lucas
,Jordan Miller\MillJo05,CB,ATL,"$495,000 ",Jordan Miller
468,Jordan Mills\MillJo02,OT,ARI,"$1,700,000 ",Jordan Mills
,Jordan Phillips\PhilJo01,DT,BUF,"$2,250,000 ",Jordan Phillips
,Jordan Poyer\PoyeJo00,CB,BUF,"$2,950,000 ",Jordan Poyer
,Jordan Richards\RichJo00,SS,NWE,"$805,000 ",Jordan Richards
,Jordan Scarlett\ScarJo00,RB,CAR,"$495,000 ",Jordan Scarlett
,Jordan Whitehead\WhitJo03,SS,TAM,"$570,000 ",Jordan Whitehead
,Jordan Wilkins\WilkJo01,RB,IND,"$570,000 ",Jordan Wilkins
905,Jordan Willis\WillJo09,DE,NYJ,"$754,750 ",Jordan Willis
,Joseph Jones\JoneJo05,OLB,DEN,"$645,000 ",Joseph Jones
1199,Joseph Noteboom\NoteJo00,OT,LAR,"$626,626 ",Joseph Noteboom
,Josey Jewell\JeweJo00,ILB,DEN,"$570,000 ",Josey Jewell
,Josh Allen\AlleJo02,QB,BUF,"$570,000 ",Josh Allen
,Josh Allen\AlleJo03,EDGE,JAX,"$495,000 ",Josh Allen
,Josh Andrews\AndrJo01,G,IND,"$720,000 ",Josh Andrews
,Josh Bellamy\BellJo02,WR,NYJ,"$930,000 ",Josh Bellamy
,Josh Gordon\GordJo02,WR,NWE,"$2,025,000 ",Josh Gordon
,Josh Harris\HarrJo02,LS,ATL,"$930,000 ",Josh Harris
,Josh Harvey-Clemons\HarvJo01,SS,WAS,"$645,000 ",Josh Harvey-Clemons
,Josh Hill\HillJo02,TE,NOR,"$850,000 ",Josh Hill
904,Josh Jackson\JackJo01,CB,GNB,"$764,368 ",Josh Jackson
,Josh Jacobs\JacoJo01,RB,OAK,"$495,000 ",Josh Jacobs
,Josh Kline\KlinJo01,OL,MIN,"$1,450,000 ",Josh Kline
,Josh Lambo\LambJo00,K,JAX,"$1,000,000 ",Josh Lambo
,Josh Mauro\MaurJo00,DE,OAK,"$900,000 ",Josh Mauro
,Josh McCown\McCoJo01,QB,PHI,"$2,000,000 ",Josh McCown
,Josh Norman\NormJo01,CB,WAS,"$11,000,000 ",Josh Norman
1043,Josh Reynolds\ReynJo00,WR,LAR,"$645,000 ",Josh Reynolds
,Josh Robinson\RobiJo01,CB,JAX,"$805,000 ",Josh Robinson
,Josh Rosen\RoseJo01,QB,MIA,"$570,000 ",Josh Rosen
,Josh Sweat\SweaJo00,DE,PHI,"$570,000 ",Josh Sweat
,Josh Tupou\TupoJo00,DT,CIN,"$645,000 ",Josh Tupou
,Josh Wells\WellJo02,T,TAM,"$805,000 ",Josh Wells
,Josh Woods\WoodJo02,LB,CHI,"$495,000 ",Josh Woods
,Joshua Miles\MileJo00,OT,ARI,"$495,000 ",Joshua Miles
1021,Jourdan Lewis\LewiJo01,CB,DAL,"$675,000 ",Jourdan Lewis
,Juan Thornhill\ThorJu00,S,KAN,"$495,000 ",Juan Thornhill
791,JuJu Smith-Schuster\SmitJu00,WR,PIT,"$846,434 ",JuJu Smith-Schuster
,Julian Edelman\EdelJu00,WR,NWE,"$1,000,000 ",Julian Edelman
,Julian Love\LoveJu00,CB,NYG,"$495,000 ",Julian Love
,Julian Stanford\StanJu00,LB,BUF,"$1,250,000 ",Julian Stanford
,Julie'n Davenport\DaveJu00,OT,MIA,"$645,000 ",Julie'n Davenport
64,Julio Jones\JoneJu02,WR,ATL,"$9,600,000 ",Julio Jones
,Jullian Taylor\TaylJu00,DT,SFO,"$570,000 ",Jullian Taylor
43,Jurrell Casey\CaseJu00,DL,TEN,"$10,550,000 ",Jurrell Casey
,Justice Hill\HillJu00,RB,BAL,"$812,500 ",Justice Hill
,Justin Bethel\BethJu00,CB,BAL,"$1,500,000 ",Justin Bethel
191,Justin Britt\BritJu00,OT,SEA,"$4,500,000 ",Justin Britt
,Justin Coleman\ColeJu01,CB,DET,"$805,000 ",Justin Coleman
,Justin Hardee\HardJu01,WR,NOR,"$645,000 ",Justin Hardee
,Justin Hardy\HardJu00,WR,ATL,"$805,000 ",Justin Hardy
,Justin Hollins\HollJu00,EDGE,DEN,"$495,000 ",Justin Hollins
,Justin Houston\HousJu00,LB,IND,"$1,000,000 ",Justin Houston
,Justin Jackson\JackJu01,RB,LAC,"$570,000 ",Justin Jackson
1202,Justin Jones\JoneJu03,DT,LAC,"$621,481 ",Justin Jones
,Justin Layne\LaynJu00,CB,PIT,"$495,000 ",Justin Layne
,Justin March-Lillard\MarcJu00,LB,DAL,"$720,000 ",Justin March-Lillard
,Justin McCray\McCrJu00,G,CLE,"$645,000 ",Justin McCray
,Justin Murray\MurrJu00,T,ARI,"$570,000 ",Justin Murray
,Justin Pugh\PughJu00,OG,ARI,"$5,000,000 ",Justin Pugh
1033,Justin Reid\ReidJu00,FS,HOU,"$664,979 ",Justin Reid
,Justin Simmons\SimmJu00,FS,DEN,"$2,025,000 ",Justin Simmons
1022,Justin Skule\SkulJu00,OT,SFO,"$672,500 ",Justin Skule
,Justin Tucker\TuckJu00,K,BAL,"$1,000,000 ",Justin Tucker
,Justin Watson\WatsJu01,WR,TAM,"$570,000 ",Justin Watson
,Juston Burris\BurrJu00,CB,CLE,"$645,000 ",Juston Burris
,Juwann Winfree\WinfJu00,WR,DEN,"$495,000 ",Juwann Winfree
,K.J. Wright\WrigK.00,LB,SEA,"$1,500,000 ",K.J. Wright
,Kaare Vedvik\VedvKa00,P,NYJ,"$570,000 ",Kaare Vedvik
,Ka'dar Hollman\HollKa00,CB,GNB,"$672,500 ",Ka'dar Hollman
,Kaden Elliss\ElliKa00,LB,NOR,"$495,000 ",Kaden Elliss
1013,Kaden Smith\SmitKa00,TE,NYG,"$679,750 ",Kaden Smith
,Ka'imi Fairbairn\FairKa01,K,HOU,"$3,095,000 ",Ka'imi Fairbairn
,Kaleb McGary\McGaKa00,OL,ATL,"$495,000 ",Kaleb McGary
,Kalen Ballage\BallKa00,RB,MIA,"$570,000 ",Kalen Ballage
570,Kamalei Correa\CorrKa00,OLB,TEN,"$1,234,043 ",Kamalei Correa
,Kameron Canaday\CanaKa00,LS,PIT,"$720,000 ",Kameron Canaday
,Kamu Grugier-Hill\GrugKa00,OLB,PHI,"$720,000 ",Kamu Grugier-Hill
,Kareem Jackson\JackKa99,DB,DEN,"$3,000,000 ",Kareem Jackson
,Kareem Martin\MartKa00,DE,NYG,"$3,250,000 ",Kareem Martin
344,Karl Joseph\JoseKa00,SS,OAK,"$2,070,589 ",Karl Joseph
,Kasey Redfern\RedfKa00,P,ATL,"$495,000 ",Kasey Redfern
,Kavon Frazier\FrazKa00,FS,DAL,"$720,000 ",Kavon Frazier
32,Kawann Short\ShorKa00,DT,CAR,"$12,500,000 ",Kawann Short
438,Keanu Neal\NealKe01,FS,ATL,"$1,914,224 ",Keanu Neal
,Keelan Cole\ColeKe00,WR,JAX,"$645,000 ",Keelan Cole
,Keenan Allen\AlleKe00,WR,LAC,"$10,000,000 ",Keenan Allen
,KeeSean Johnson\JohnKe07,WR,ARI,"$495,000 ",KeeSean Johnson
,Keion Crossen\CrosKe00,CB,HOU,"$570,000 ",Keion Crossen
,Keisean Nixon\NixoKe00,CB,OAK,"$495,000 ",Keisean Nixon
,Keishawn Bierria\BierKe00,ILB,DEN,"$570,000 ",Keishawn Bierria
,Keith Kirkwood\KirkKe00,WR,NOR,"$570,000 ",Keith Kirkwood
,Keith Smith\SmitKe03,LB,ATL,"$1,400,000 ",Keith Smith
,Keke Coutee\CoutKe00,WR,HOU,"$570,000 ",Keke Coutee
61,Kelechi Osemele\OsemKe00,T,NYJ,"$9,700,000 ",Kelechi Osemele
,Kelvin Beachum\BeacKe00,T,NYJ,"$8,000,000 ",Kelvin Beachum
,Kelvin Harmon\HarmKe00,WR,WAS,"$495,000 ",Kelvin Harmon
,Kemal Ishmael\IshmKe00,DB,ATL,"$805,000 ",Kemal Ishmael
988,Kemoko Turay\TuraKe00,OLB,IND,"$717,200 ",Kemoko Turay
,Ken Webster\WebsKe00,CB,MIA,"$495,000 ",Ken Webster
,Kendall Fuller\FullKe00,CB,KAN,"$2,025,000 ",Kendall Fuller
574,Kendall Lamm\LammKe00,T,CLE,"$1,200,000 ",Kendall Lamm
,Kendall Sheffield\ShefKe00,CB,ATL,"$495,000 ",Kendall Sheffield
,Kendrick Bourne\BourKe00,WR,SFO,"$645,000 ",Kendrick Bourne
,Kenjon Barner\BarnKe00,RB,ATL,"$805,000 ",Kenjon Barner
465,Kenny Clark\ClarKe01,DT,GNB,"$1,726,588 ",Kenny Clark
1020,Kenny Golladay\GollKe00,WR,DET,"$676,000 ",Kenny Golladay
,Kenny Moore\MoorKe03,CB,IND,"$645,000 ",Kenny Moore
106,Kenny Stills\StilKe00,WR,HOU,"$7,975,000 ",Kenny Stills
,Kenny Vaccaro\VaccKe00,FS,TEN,"$1,250,000 ",Kenny Vaccaro
,Kenny Wiggins\WiggKe00,T,DET,"$2,500,000 ",Kenny Wiggins
,Kenny Young\YounKe03,LB,BAL,"$570,000 ",Kenny Young
,Kentrell Brothers\BrotKe00,ILB,MIN,"$720,000 ",Kentrell Brothers
,Kenyan Drake\DrakKe00,RB,MIA,"$2,025,000 ",Kenyan Drake
997,Kerry Hyder\HydeKe01,DT,DAL,"$700,000 ",Kerry Hyder
,Kerry Wynn\WynnKe00,DE,CIN,"$900,000 ",Kerry Wynn
901,Kerryon Johnson\JohnKe06,RB,DET,"$775,622 ",Kerryon Johnson
,Kevin Byard\ByarKe01,S,TEN,"$2,025,000 ",Kevin Byard
327,Kevin Huber\HubeKe20,P,CIN,"$2,350,000 ",Kevin Huber
,Kevin Johnson\JohnKe04,CB,BUF,"$2,000,000 ",Kevin Johnson
592,Kevin King\KingKe01,CB,GNB,"$1,108,717 ",Kevin King
,Kevin Minter\MintKe00,ILB,TAM,"$805,000 ",Kevin Minter
,Kevin Peterson\PeteKe01,CB,ARI,"$570,000 ",Kevin Peterson
,Kevin Pierre-Louis\PierKe00,OLB,CHI,"$805,000 ",Kevin Pierre-Louis
,Kevin Strong\StroKe00,DT,DET,"$495,000 ",Kevin Strong
,Kevin Toliver\ToliKe00,DB,CHI,"$570,000 ",Kevin Toliver
,Kevin Zeitler\ZeitKe00,G,NYG,"$10,000,000 ",Kevin Zeitler
,KhaDarel Hodge\HodgKh00,WR,CLE,"$570,000 ",KhaDarel Hodge
,Khalen Saunders\SaunKh00,DT,KAN,"$495,000 ",Khalen Saunders
329,Khalil Mack\MackKh00,OLB,CHI,"$2,300,000 ",Khalil Mack
,Khari Willis\WillKh00,S,IND,"$495,000 ",Khari Willis
138,Kiko Alonso\AlonKi00,ILB,NOR,"$6,485,000 ",Kiko Alonso
,Kingsley Keke\KekeKi00,DL,GNB,"$495,000 ",Kingsley Keke
1,Kirk Cousins\CousKi00,QB,MIN,"$27,500,000 ",Kirk Cousins
601,Kolton Miller\MillKo00,OT,OAK,"$1,092,333 ",Kolton Miller
,Korey Cunningham\CunnKo00,OT,NWE,"$570,000 ",Korey Cunningham
,Kris Boyd\BoydKr00,CB,MIN,"$495,000 ",Kris Boyd
,Kurt Coleman\ColeKu99,LB,BUF,"$930,000 ",Kurt Coleman
,K'Waun Williams\WillKW00,DB,SFO,"$1,550,000 ",K'Waun Williams
,Kwon Alexander\AlexKw00,OLB,SFO,"$1,750,000 ",Kwon Alexander
,Kyle Allen\AlleKy00,QB,CAR,"$495,000 ",Kyle Allen
,Kyle Fuller\FullKy00,CB,CHI,"$1,000,000 ",Kyle Fuller
,Kyle Juszczyk\JuszKy00,FB,SFO,"$4,200,000 ",Kyle Juszczyk
,Kyle Long\LongKy00,OT,CHI,"$2,500,000 ",Kyle Long
,Kyle Love\LoveKy00,DT,CAR,"$930,000 ",Kyle Love
,Kyle Peko\PekoKy00,DT,BUF,"$645,000 ",Kyle Peko
,Kyle Phillips\PhilKy00,DL,NYJ,"$495,000 ",Kyle Phillips
116,Kyle Rudolph\RudoKy00,TE,MIN,"$7,275,000 ",Kyle Rudolph
200,Kyle Van Noy\VanNKy00,OLB,NWE,"$4,250,000 ",Kyle Van Noy
,Kyle Wilber\WilbKy00,OLB,OAK,"$1,150,000 ",Kyle Wilber
398,Kyler Fackrell\FackKy00,OLB,GNB,"$2,010,000 ",Kyler Fackrell
,Kyler Murray\MurrKy00,QB,ARI,"$495,000 ",Kyler Murray
,Kyzir White\WhitKy00,S,LAC,"$570,000 ",Kyzir White
,L.J. Collier\CollLJ00,DL,SEA,"$495,000 ",L.J. Collier
634,L.J. Fort\FortL.00,LB,2TM,"$1,025,000 ",L.J. Fort
,L.P. Ladouceur\LadoL.20,LS,DAL,"$1,030,000 ",L.P. Ladouceur
,Lac Edwards\EdwaLa01,P,NYJ,"$720,000 ",Lac Edwards
131,La'el Collins\CollLa01,OT,DAL,"$6,516,750 ",La'el Collins
,Laken Tomlinson\TomlLa01,OG,SFO,"$2,000,000 ",Laken Tomlinson
759,Lamar Jackson\JackLa00,QB,BAL,"$910,529 ",Lamar Jackson
190,Lamarcus Joyner\JoynLa00,CB,OAK,"$4,700,000 ",Lamarcus Joyner
,Lance Kendricks\KendLa00,TE,LAC,"$930,000 ",Lance Kendricks
,Landon Collins\CollLa00,SS,WAS,"$1,000,000 ",Landon Collins
,Lane Johnson\JohnLa01,OT,PHI,"$805,000 ",Lane Johnson
302,Lane Taylor\TaylLa01,G,GNB,"$2,600,000 ",Lane Taylor
452,Laquon Treadwell\TreaLa00,WR,MIN,"$1,804,770 ",Laquon Treadwell
343,Laremy Tunsil\TunsLa00,OT,HOU,"$2,148,770 ",Laremy Tunsil
,LaRoy Reynolds\ReynLa00,LB,CIN,"$805,000 ",LaRoy Reynolds
,Larry Fitzgerald\FitzLa00,WR,ARI,"$11,000,000 ",Larry Fitzgerald
799,Larry Ogunjobi\OgunLa00,DT,CLE,"$820,200 ",Larry Ogunjobi
111,Larry Warford\WarfLa00,OG,NOR,"$7,650,000 ",Larry Warford
,Latavius Murray\MurrLa00,RB,NOR,"$1,000,000 ",Latavius Murray
142,Laurent Duvernay-Tardif\DuveLa00,OT,KAN,"$6,203,000 ",Laurent Duvernay-Tardif
60,Lavonte David\DaviLa00,OLB,TAM,"$9,750,000 ",Lavonte David
,Lawrence Guy\GuyxLa00,DT,NWE,"$2,400,000 ",Lawrence Guy
,Lee Smith\SmitLe00,TE,BUF,"$1,900,000 ",Lee Smith
636,Leighton Vander Esch\VandLe00,OLB,DAL,"$1,018,535 ",Leighton Vander Esch
,Leon Jacobs\JacoLe00,OLB,JAX,"$570,000 ",Leon Jacobs
301,Leonard Floyd\FloyLe00,OLB,CHI,"$2,602,208 ",Leonard Floyd
284,Leonard Fournette\FourLe00,RB,JAX,"$2,933,258 ",Leonard Fournette
19,Leonard Williams\WillLe02,DT,NYJ,"$14,200,000 ",Leonard Williams
,Lerentee McCray\McCrLe01,LB,JAX,"$2,000,000 ",Lerentee McCray
143,LeSean McCoy\McCoLe01,RB,KAN,"$6,175,000 ",LeSean McCoy
919,LeShaun Sims\SimsLe00,CB,TEN,"$720,000 ",LeShaun Sims
,Le'Veon Bell\BellLe00,RB,NYJ,"$2,000,000 ",Le'Veon Bell
,Levi Wallace\WallLe00,CB,BUF,"$570,000 ",Levi Wallace
,Levine Toilolo\ToilLe00,TE,SFO,"$805,000 ",Levine Toilolo
82,Linval Joseph\JoseLi99,DT,MIN,"$8,900,000 ",Linval Joseph
,Logan Cooke\CookLo00,P,JAX,"$570,000 ",Logan Cooke
65,Logan Ryan\RyanLo00,CB,TEN,"$9,500,000 ",Logan Ryan
,Logan Thomas\ThomLo00,QB/TE,DET,"$805,000 ",Logan Thomas
,Lonnie Johnson\JohnLo01,CB,HOU,"$495,000 ",Lonnie Johnson
,Lorenzo Alexander\AlexLo99,LB,BUF,"$2,000,000 ",Lorenzo Alexander
1031,Lorenzo Carter\CartLo01,DE,NYG,"$665,613 ",Lorenzo Carter
,Lucas Patrick\PatrLu00,G,GNB,"$645,000 ",Lucas Patrick
,Luke Falk\FalkLu00,QB,NYJ,"$570,000 ",Luke Falk
,Luke Gifford\GiffLu00,LB,DAL,"$495,000 ",Luke Gifford
52,Luke Kuechly\KuecLu00,ILB,CAR,"$10,000,059 ",Luke Kuechly
,Luke Rhodes\RhodLu00,LB,IND,"$720,000 ",Luke Rhodes
,Luke Stocker\StocLu00,TE,ATL,"$1,400,000 ",Luke Stocker
,Luke Willson\WillLu00,TE,SEA,"$805,000 ",Luke Willson
991,M.J. Stewart\StewM.00,CB,TAM,"$711,051 ",M.J. Stewart
,Mack Hollins\HollMa00,WR,PHI,"$645,000 ",Mack Hollins
,Mack Wilson\WilsMa03,LB,CLE,"$495,000 ",Mack Wilson
615,Mackensie Alexander\AlexMa01,CB,MIN,"$1,038,587 ",Mackensie Alexander
,Malcolm Brown\BrowMa03,RB,LAR,"$1,000,000 ",Malcolm Brown
,Malcolm Butler\ButlMa01,CB,TEN,"$10,500,000 ",Malcolm Butler
91,Malcolm Jenkins\JenkMa99,DB,PHI,"$8,100,000 ",Malcolm Jenkins
,Malcom Brown\BrowMa01,DT,NOR,"$1,000,000 ",Malcom Brown
,Maliek Collins\CollMa00,DT,DAL,"$2,025,000 ",Maliek Collins
472,Malik Hooker\HookMa00,FS,IND,"$1,610,446 ",Malik Hooker
,Malik Jackson\JackMa02,DT,PHI,"$1,000,000 ",Malik Jackson
1194,Malik Jefferson\JeffMa00,OLB,CLE,"$635,000 ",Malik Jefferson
,Malik Reed\ReedMa01,LB,DEN,"$495,000 ",Malik Reed
,Malik Turner\TurnMa00,WR,SEA,"$570,000 ",Malik Turner
,Marcedes Lewis\LewiMa00,TE,GNB,"$1,050,000 ",Marcedes Lewis
,Marcell Ateman\AtemMa00,WR,OAK,"$570,000 ",Marcell Ateman
289,Marcell Dareus\DareMa00,DT,JAX,"$2,835,000 ",Marcell Dareus
,Marcell Harris\HarrMa03,S,SFO,"$570,000 ",Marcell Harris
,Marcus Cannon\CannMa00,OL,NWE,"$5,500,000 ",Marcus Cannon
900,Marcus Davenport\DaveMa00,DE,NOR,"$779,632 ",Marcus Davenport
1025,Marcus Epps\EppsMa00,S,MIN,"$670,000 ",Marcus Epps
,Marcus Mariota\MariMa01,QB,TEN,"$20,922,000 ",Marcus Mariota
607,Marcus Maye\MayeMa00,FS,NYJ,"$1,060,822 ",Marcus Maye
76,Marcus Peters\PeteMa00,CB,LAR,"$9,069,000 ",Marcus Peters
,Marcus Sherels\SherMa20,DB,MIN,"$930,000 ",Marcus Sherels
616,Marcus Williams\WillMa06,FS,NOR,"$1,032,313 ",Marcus Williams
,Margus Hunt\HuntMa00,DE,IND,"$1,000,000 ",Margus Hunt
,Mario Addison\AddiMa00,DE,CAR,"$6,500,000 ",Mario Addison
725,Mario Edwards\EdwaMa01,DE,NOR,"$935,000 ",Mario Edwards
1200,Mark Andrews\AndrMa00,TE,BAL,"$624,500 ",Mark Andrews
,Mark Barron\BarrMa00,LB,PIT,"$1,000,000 ",Mark Barron
,Mark Fields\FielMa01,CB,MIN,"$495,000 ",Mark Fields
,Mark Glowinski\GlowMa00,OG,IND,"$1,500,000 ",Mark Glowinski
,Mark Ingram\IngrMa01,RB,BAL,"$2,000,000 ",Mark Ingram
,Mark Nzeocha\NzeoMa00,OLB,SFO,"$1,100,000 ",Mark Nzeocha
,Mark Walton\WaltMa00,RB,MIA,"$495,000 ",Mark Walton
715,Markus Golden\GoldMa00,OLB,NYG,"$975,000 ",Markus Golden
479,Marlon Humphrey\HumpMa00,CB,BAL,"$1,542,044 ",Marlon Humphrey
,Marlon Mack\MackMa00,RB,IND,"$645,000 ",Marlon Mack
117,Marqise Lee\LeexMa00,WR,JAX,"$7,250,000 ",Marqise Lee
,Marquel Lee\LeexMa01,ILB,OAK,"$645,000 ",Marquel Lee
,Marquez Valdes-Scantling\ValdMa00,WR,GNB,"$570,000 ",Marquez Valdes-Scantling
,Marqui Christian\ChriMa00,SS,LAR,"$720,000 ",Marqui Christian
,Marquis Haynes\HaynMa01,OLB,CAR,"$570,000 ",Marquis Haynes
,Marquise Blair\BlaiMa01,S,SEA,"$495,000 ",Marquise Blair
,Marquise Brown\BrowMa04,WR,BAL,"$495,000 ",Marquise Brown
,Marquise Goodwin\GoodMa00,WR,SFO,"$2,950,000 ",Marquise Goodwin
,Marshal Yanda\YandMa20,T,BAL,"$7,000,000 ",Marshal Yanda
447,Marshon Lattimore\LattMa01,CB,NOR,"$1,861,324 ",Marshon Lattimore
1195,Martinas Rankin\RankMa00,OT,KAN,"$634,000 ",Martinas Rankin
,Marvell Tell\TellMa00,S,IND,"$495,000 ",Marvell Tell
,Marvin Hall\HallMa02,WR,DET,"$645,000 ",Marvin Hall
,Marvin Jones\JoneMa02,WR,DET,"$6,500,000 ",Marvin Jones
,Mason Cole\ColeMa02,C,ARI,"$570,000 ",Mason Cole
246,Mason Crosby\CrosMa20,K,GNB,"$3,200,000 ",Mason Crosby
1038,Mason Rudolph\RudoMa00,QB,PIT,"$658,267 ",Mason Rudolph
,Matt Barkley\BarkMa00,QB,BUF,"$1,250,000 ",Matt Barkley
,Matt Breida\BreiMa00,RB,SFO,"$645,000 ",Matt Breida
,Matt Dickerson\DickMa00,DE,TEN,"$570,000 ",Matt Dickerson
,Matt Feiler\FeilMa00,T,PIT,"$645,000 ",Matt Feiler
,Matt Gay\GayxMa00,K,TAM,"$495,000 ",Matt Gay
,Matt Haack\HaacMa00,P,MIA,"$645,000 ",Matt Haack
,Matt Judon\JudoMa00,DE,BAL,"$2,025,000 ",Matt Judon
,Matt LaCosse\LaCoMa00,TE,NWE,"$700,000 ",Matt LaCosse
,Matt Milano\MilaMa00,OLB,BUF,"$645,000 ",Matt Milano
,Matt Paradis\ParaMa00,C,CAR,"$1,000,000 ",Matt Paradis
,Matt Prater\PratMa20,K,DET,"$2,200,000 ",Matt Prater
,Matt Pryor\PryoMa00,OT,PHI,"$570,000 ",Matt Pryor
290,Matt Ryan\RyanMa00,QB,ATL,"$2,750,000 ",Matt Ryan
,Matt Schaub\SchaMa00,QB,ATL,"$1,030,000 ",Matt Schaub
,Matt Skura\SkurMa01,C,BAL,"$645,000 ",Matt Skura
,Matt Wile\WileMa01,P,ATL,"$645,000 ",Matt Wile
,Matthew Adams\AdamMa00,LB,IND,"$570,000 ",Matthew Adams
304,Matthew Bosher\BoshMa00,P,ATL,"$2,545,000 ",Matthew Bosher
,Matthew Ioannidis\IoanMa01,DT,WAS,"$2,025,000 ",Matthew Ioannidis
,Matthew Orzech\OrzeMa00,TE,JAX,"$495,000 ",Matthew Orzech
,Matthew Slater\SlatMa00,WR,NWE,"$1,600,000 ",Matthew Slater
22,Matthew Stafford\StafMa00,QB,DET,"$13,500,000 ",Matthew Stafford
,Matthias Farley\FarlMa00,DB,NYJ,"$3,095,000 ",Matthias Farley
,Maurice Alexander\AlexMa00,SS,BUF,"$850,000 ",Maurice Alexander
,Maurice Canady\CanaMa00,CB,BAL,"$720,000 ",Maurice Canady
,Maurice Hurst\HursMa00,DT,OAK,"$570,000 ",Maurice Hurst
,Maurkice Pouncey\PounMa20,C,PIT,"$1,000,000 ",Maurkice Pouncey
,Max Scharping\SchaMa01,OT,HOU,"$495,000 ",Max Scharping
797,Maxx Crosby\CrosMa00,EDGE,OAK,"$822,500 ",Maxx Crosby
,Maxx Williams\WillMa04,TE,ARI,"$805,000 ",Maxx Williams
,Mecole Hardman\HardMe00,WR,KAN,"$495,000 ",Mecole Hardman
163,Melvin Gordon\GordMe00,RB,LAC,"$5,605,000 ",Melvin Gordon
,Melvin Ingram\IngrMe00,DE,LAC,"$17,000,000 ",Melvin Ingram
216,Micah Hyde\HydeMi00,CB,BUF,"$3,950,000 ",Micah Hyde
,Michael Bennett\BennMi99,DE,NWE,"$3,000,000 ",Michael Bennett
110,Michael Brockers\BrocMi00,DT,LAR,"$7,777,777 ",Michael Brockers
,Michael Davis\DaviMi03,,LAC,"$645,000 ",Michael Davis
,Michael Deiter\DeitMi00,OL,MIA,"$495,000 ",Michael Deiter
,Michael Dickson\DickMi00,P,SEA,"$570,000 ",Michael Dickson
,Michael Dogbe\DogbMi00,DL,ARI,"$495,000 ",Michael Dogbe
1196,Michael Gallup\GallMi00,WR,DAL,"$629,000 ",Michael Gallup
,Michael Jordan\JordMi01,OL,CIN,"$495,000 ",Michael Jordan
893,Michael Palardy\PalaMi00,P,CAR,"$800,000 ",Michael Palardy
,Michael Person\PersMi00,OL,SFO,"$1,450,000 ",Michael Person
,Michael Pierce\PierMi00,DT,BAL,"$3,095,000 ",Michael Pierce
,Michael Schofield\SchoMi00,OT,LAC,"$2,000,000 ",Michael Schofield
440,Michael Thomas\ThomMi02,S,NYG,"$1,900,000 ",Michael Thomas
586,Michael Thomas\ThomMi05,WR,NOR,"$1,148,041 ",Michael Thomas
,Mike Boone\BoonMi00,RB,MIN,"$570,000 ",Mike Boone
,Mike Daniels\DaniMi00,DT,DET,"$7,800,000 ",Mike Daniels
,Mike Davis\DaviMi01,RB,CHI,"$1,000,000 ",Mike Davis
,Mike Edwards\EdwaMi01,S,TAM,"$495,000 ",Mike Edwards
7,Mike Evans\EvanMi00,WR,TAM,"$17,000,000 ",Mike Evans
,Mike Ford\FordMi01,CB,DET,"$570,000 ",Mike Ford
899,Mike Gesicki\GesiMi00,TE,MIA,"$780,542 ",Mike Gesicki
,Mike Hilton\HiltMi01,CB,PIT,"$645,000 ",Mike Hilton
755,Mike Hughes\HughMi00,CB,MIN,"$928,522 ",Mike Hughes
,Mike Iupati\IupaMi20,G,SEA,"$1,000,000 ",Mike Iupati
,Mike McGlinchey\McGlMi00,OT,SFO,"$570,000 ",Mike McGlinchey
,Mike Pouncey\PounMi00,OL,LAC,"$6,000,000 ",Mike Pouncey
,Mike Purcell\PurcMi00,DT,DEN,"$645,000 ",Mike Purcell
,Mike Remmers\RemmMi00,T,NYG,"$1,125,000 ",Mike Remmers
,Mike Thomas\ThomMi04,WR,LAR,"$720,000 ",Mike Thomas
332,Mike Williams\WillMi07,WR,LAC,"$2,260,448 ",Mike Williams
,Miles Boykin\BoykMi00,WR,BAL,"$495,000 ",Miles Boykin
,Miles Brown\BrowMi01,DT,ARI,"$495,000 ",Miles Brown
,Miles Killebrew\KillMi00,SS,DET,"$720,000 ",Miles Killebrew
,Miles Sanders\SandMi01,RB,PHI,"$495,000 ",Miles Sanders
571,Minkah Fitzpatrick\FitzMi00,FS,2TM,"$1,227,626 ",Minkah Fitzpatrick
196,Mitch Morse\MorsMi00,OT,BUF,"$4,400,000 ",Mitch Morse
,Mitch Wishnowsky\WishMi00,P,SFO,"$495,000 ",Mitch Wishnowsky
,Mitchell Loewen\LoewMi00,DE,NOR,"$570,000 ",Mitchell Loewen
,Mitchell Schwartz\SchwMi00,T,KAN,"$6,000,000 ",Mitchell Schwartz
,Mitchell Trubisky\TrubMi00,QB,CHI,"$645,000 ",Mitchell Trubisky
,Mo Alie-Cox\AlieMo00,TE,IND,"$570,000 ",Mo Alie-Cox
,Mohamed Sanu\SanuMo00,WR,ATL,"$6,000,000 ",Mohamed Sanu
,Montae Nicholson\NichMo00,SS,WAS,"$645,000 ",Montae Nicholson
,Montez Sweat\SweaMo00,EDGE,WAS,"$495,000 ",Montez Sweat
1024,Montravius Adams\AdamMo00,DT,GNB,"$671,000 ",Montravius Adams
,Morgan Burnett\BurnMo99,DB,CLE,"$1,000,000 ",Morgan Burnett
,Morgan Cox\CoxxMo00,C,BAL,"$1,000,000 ",Morgan Cox
,Morgan Fox\FoxxMo00,DL,LAR,"$645,000 ",Morgan Fox
,Morgan Moses\MoseMo00,OT,WAS,"$4,750,000 ",Morgan Moses
604,Morris Claiborne\ClaiMo00,CB,KAN,"$1,080,000 ",Morris Claiborne
,Mychal Kendricks\KendMy00,ILB,SEA,"$2,000,000 ",Mychal Kendricks
,MyCole Pruitt\PruiMy00,TE,TEN,"$720,000 ",MyCole Pruitt
245,Myles Garrett\GarrMy00,DE,CLE,"$3,229,750 ",Myles Garrett
546,Myles Jack\JackMy00,OLB,JAX,"$1,313,787 ",Myles Jack
,Najee Goode\GoodNa00,ILB,JAX,"$805,000 ",Najee Goode
,Nasir Adderley\AddeNa00,S,LAC,"$495,000 ",Nasir Adderley
,Nate Davis\DaviNa01,OL,TEN,"$495,000 ",Nate Davis
,Nate Ebner\EbneNa00,DB,NWE,"$2,000,000 ",Nate Ebner
,Nate Hairston\HairNa00,CB,NYJ,"$645,000 ",Nate Hairston
28,Nate Solder\SoldNa00,T,NYG,"$12,900,000 ",Nate Solder
,Nathan Gerry\GerrNa00,SS,PHI,"$645,000 ",Nathan Gerry
,Nathan Stupar\StupNa01,OLB,NYG,"$805,000 ",Nathan Stupar
,Natrell Jamerson\JameNa00,FS,CAR,"$570,000 ",Natrell Jamerson
,Natrez Patrick\PatrNa00,LB,LAR,"$495,000 ",Natrez Patrick
172,Ndamukong Suh\SuhxNd99,DT,TAM,"$5,250,000 ",Ndamukong Suh
,Neiko Thorpe\ThorNe00,DB,SEA,"$850,000 ",Neiko Thorpe
70,Nelson Agholor\AghoNe00,WR,PHI,"$9,387,000 ",Nelson Agholor
,Neville Hewitt\HewiNe00,LB,NYJ,"$1,000,000 ",Neville Hewitt
,Nicholas Morrow\MorrNi00,LB,OAK,"$645,000 ",Nicholas Morrow
,Nick Allegretti\AlleNi00,G,KAN,"$495,000 ",Nick Allegretti
,Nick Bawden\BawdNi00,RB,DET,"$495,000 ",Nick Bawden
,Nick Bellore\BellNi01,LB,SEA,"$930,000 ",Nick Bellore
,Nick Bosa\BosaNi00,EDGE,SFO,"$495,000 ",Nick Bosa
,Nick Boyle\BoylNi00,TE,BAL,"$1,000,000 ",Nick Boyle
803,Nick Chubb\ChubNi00,RB,CLE,"$815,595 ",Nick Chubb
,Nick Dzubnar\DzubNi00,LB,LAC,"$1,375,000 ",Nick Dzubnar
,Nick Easton\EastNi00,C,NOR,"$2,000,000 ",Nick Easton
,Nick Foles\FoleNi00,QB,JAX,"$5,000,000 ",Nick Foles
,Nick Gates\GateNi00,OT,NYG,"$495,000 ",Nick Gates
,Nick Kwiatkoski\KwiaNi00,ILB,CHI,"$2,025,000 ",Nick Kwiatkoski
594,Nick Martin\MartNi00,C,HOU,"$1,101,133 ",Nick Martin
,Nick O'Leary\OLeaNi00,TE,MIA,"$1,000,000 ",Nick O'Leary
,Nick Scott\ScotNi01,S,LAR,"$495,000 ",Nick Scott
,Nick Sundberg\SundNi00,C,WAS,"$930,000 ",Nick Sundberg
,Nick Vannett\VannNi00,TE,2TM,"$736,000 ",Nick Vannett
,Nick Vigil\VigiNi00,ILB,CIN,"$2,000,000 ",Nick Vigil
,Nick Williams\WillNi01,DT,CHI,"$805,000 ",Nick Williams
238,Nickell Robey-Coleman\RobeNi00,CB,LAR,"$3,300,000 ",Nickell Robey-Coleman
,Nigel Bradham\BradNi00,OLB,PHI,"$930,000 ",Nigel Bradham
,Noah Fant\FantNo00,TE,DEN,"$495,000 ",Noah Fant
552,Noah Spence\SpenNo00,DE,WAS,"$1,273,132 ",Noah Spence
,Nyheim Hines\HineNy00,RB,IND,"$570,000 ",Nyheim Hines
511,O.J. Howard\HowaO.00,TE,TAM,"$1,473,602 ",O.J. Howard
10,Odell Beckham\BeckOd00,WR,CLE,"$16,750,000 ",Odell Beckham
,Ogbonnia Okoronkwo\OkorOg00,DE,LAR,"$570,000 ",Ogbonnia Okoronkwo
1041,Olabisi Johnson\JohnOl00,WR,MIN,"$647,500 ",Olabisi Johnson
,Olamide Zaccheaus\ZaccOl01,WR,ATL,"$495,000 ",Olamide Zaccheaus
,Olasunkanmi Adeniyi\AdenOl00,DE,PIT,"$570,000 ",Olasunkanmi Adeniyi
15,Olivier Vernon\VernOl00,DE,CLE,"$15,250,000 ",Olivier Vernon
,Olsen Pierre\PierOl00,DT,NYG,"$825,000 ",Olsen Pierre
1206,Oren Burks\BurkOr00,ILB,GNB,"$606,500 ",Oren Burks
1198,Orlando Brown\BrowOr00,OT,BAL,"$627,000 ",Orlando Brown
,Orlando Scandrick\ScanOr99,DB,PHI,"$1,030,000 ",Orlando Scandrick
,Oshane Ximines\XimiOs00,EDGE,NYG,"$495,000 ",Oshane Ximines
1003,P.J. Hall\HallP.00,DT,OAK,"$693,830 ",P.J. Hall
,P.J. Williams\WillP.00,CB,NOR,"$850,000 ",P.J. Williams
,Parris Campbell\CampPa00,WR,IND,"$495,000 ",Parris Campbell
809,Pat Elflein\ElflPa00,C,MIN,"$809,500 ",Pat Elflein
,Pat O'Donnell\ODonPa00,P,CHI,"$1,250,000 ",Pat O'Donnell
,Patrick Chung\ChunPa99,DB,NWE,"$1,900,000 ",Patrick Chung
,Patrick DiMarco\DiMaPa00,FB,BUF,"$1,600,000 ",Patrick DiMarco
,Patrick Laird\LairPa00,RB,MIA,"$495,000 ",Patrick Laird
,Patrick Mahomes\MahoPa00,QB,KAN,"$645,000 ",Patrick Mahomes
,Patrick Mekari\MekaPa00,G,BAL,"$495,000 ",Patrick Mekari
,Patrick Omameh\OmamPa00,G,NOR,"$805,000 ",Patrick Omameh
,Patrick Onwuasor\OnwuPa00,LB,BAL,"$3,095,000 ",Patrick Onwuasor
,Patrick Ricard\RicaPa00,DE,BAL,"$645,000 ",Patrick Ricard
,Patrick Robinson\RobiPa99,DB,NOR,"$4,000,000 ",Patrick Robinson
,Patrick Scales\ScalPa00,LS,CHI,"$720,000 ",Patrick Scales
,Paul Perkins\PerkPa00,RB,DET,"$720,000 ",Paul Perkins
,Paul Richardson\RichPa01,WR,WAS,"$5,000,000 ",Paul Richardson
,Pernell McPhee\McPhPe00,DL,BAL,"$930,000 ",Pernell McPhee
,Peter Kalambayi\KalaPe00,LB,HOU,"$570,000 ",Peter Kalambayi
,Peyton Barber\BarbPe01,RB,TAM,"$2,025,000 ",Peyton Barber
,Pharaoh Brown\BrowPh01,TE,CLE,"$570,000 ",Pharaoh Brown
,Pharoh Cooper\CoopPh00,WR,2TM,"$720,000 ",Pharoh Cooper
39,Philip Rivers\RivePh00,QB,LAC,"$11,000,000 ",Philip Rivers
,Phillip Dorsett\DorsPh00,WR,NWE,"$1,500,000 ",Phillip Dorsett
,Phillip Gaines\GainPh00,CB,HOU,"$805,000 ",Phillip Gaines
,Phillip Lindsay\LindPh00,RB,DEN,"$570,000 ",Phillip Lindsay
,Pierre Desir\DesiPi00,CB,IND,"$1,000,000 ",Pierre Desir
,Poona Ford\FordPo00,DT,SEA,"$570,000 ",Poona Ford
,Preston Brown\BrowPr00,ILB,CIN,"$900,000 ",Preston Brown
,Preston Smith\SmitPr00,DE,GNB,"$850,000 ",Preston Smith
,Preston Williams\WillPr01,WR,MIA,"$495,000 ",Preston Williams
,Prince Amukamara\AmukPr00,CB,CHI,"$8,500,000 ",Prince Amukamara
299,Quandre Diggs\DiggQu00,CB,DET,"$2,657,000 ",Quandre Diggs
,Quenton Nelson\NelsQu00,OG,IND,"$570,000 ",Quenton Nelson
,Quincy Enunwa\EnunQu00,WR,NYJ,"$1,000,000 ",Quincy Enunwa
1422,Quincy Williams\WillQu01,,JAX,"$495,000 ",Quincy Williams
709,Quincy Wilson\WilsQu01,CB,IND,"$989,207 ",Quincy Wilson
,Quinnen Williams\WillQu00,DL,NYJ,"$495,000 ",Quinnen Williams
,Quinton Dunbar\DunbQu00,WR,WAS,"$3,000,000 ",Quinton Dunbar
,Quinton Jefferson\JeffQu00,DT,SEA,"$2,025,000 ",Quinton Jefferson
,Quinton Spain\SpaiQu00,OG,BUF,"$1,750,000 ",Quinton Spain
,R.J. McIntosh\McInR.00,DT,NYG,"$570,000 ",R.J. McIntosh
772,Raekwon McMillan\McMiRa02,ILB,MIA,"$892,049 ",Raekwon McMillan
,Raheem Mostert\MostRa00,RB,SFO,"$1,400,000 ",Raheem Mostert
,Rakeem Nunez-Roches\NuneRa00,DT,TAM,"$805,000 ",Rakeem Nunez-Roches
,Ramik Wilson\WilsRa00,ILB,ARI,"$805,000 ",Ramik Wilson
,Ramon Foster\FostRa21,T,PIT,"$1,100,000 ",Ramon Foster
,Randall Cobb\CobbRa00,WR,DAL,"$2,000,000 ",Randall Cobb
510,Randy Bullock\BullRa00,K,CIN,"$1,475,000 ",Randy Bullock
,Rashaad Coward\CowaRa00,DT,CHI,"$645,000 ",Rashaad Coward
719,Rashaad Penny\PennRa00,RB,SEA,"$969,338 ",Rashaad Penny
641,Rashaan Evans\EvanRa01,ILB,TEN,"$1,006,236 ",Rashaan Evans
1210,Rashaan Gaulden\GaulRa00,CB,CAR,"$595,250 ",Rashaan Gaulden
548,Rashaan Melvin\MelvRa00,CB,DET,"$1,300,000 ",Rashaan Melvin
,Rashad Fenton\FentRa00,CB,KAN,"$495,000 ",Rashad Fenton
,Rashan Gary\GaryRa00,DL,GNB,"$3,950,000 ",Rashan Gary
,Rashard Higgins\HiggRa00,WR,CLE,"$2,025,000 ",Rashard Higgins
1193,Rasheem Green\GreeRa01,DT,SEA,"$639,000 ",Rasheem Green
,Rashod Hill\HillRa01,T,MIN,"$2,025,000 ",Rashod Hill
,Rasul Douglas\DougRa00,CB,PHI,"$670,000 ",Rasul Douglas
,Raven Greene\GreeRa02,S,GNB,"$570,000 ",Raven Greene
,Ray-Ray Armstrong\ArmsRa01,LB,NOR,"$1,000,000 ",Ray-Ray Armstrong
,Ray-Ray McCloud\McClRa00,WR,CAR,"$570,000 ",Ray-Ray McCloud
,Rayshawn Jenkins\JenkRa00,FS,LAC,"$645,000 ",Rayshawn Jenkins
,Reggie Bonnafon\BonnRe00,RB,CAR,"$495,000 ",Reggie Bonnafon
,Reggie Gilbert\GilbRe01,LB,TEN,"$570,000 ",Reggie Gilbert
577,Reggie Ragland\RaglRe00,ILB,KAN,"$1,196,551 ",Reggie Ragland
,Reid Ferguson\FergRe00,LS,BUF,"$700,000 ",Reid Ferguson
,Renell Wren\WrenRe00,DL,CIN,"$495,000 ",Renell Wren
23,Reshad Jones\JoneRe99,DB,MIA,"$13,015,000 ",Reshad Jones
,Rex Burkhead\BurkRe00,RB,NWE,"$1,750,000 ",Rex Burkhead
195,Rhett Ellison\ElliRh00,FB,NYG,"$4,475,000 ",Rhett Ellison
225,Ricardo Allen\AlleRi00,CB,ATL,"$3,500,000 ",Ricardo Allen
,Richard Sherman\SherRi00,DB,SFO,"$7,000,000 ",Richard Sherman
,Richie Incognito\IncoRi20,G,OAK,"$1,030,000 ",Richie Incognito
,Richie James\JameRi00,WR,SFO,"$570,000 ",Richie James
,Rick Lovato\LovaRi00,LS,PHI,"$720,000 ",Rick Lovato
,Ricky Seals-Jones\SealRi00,WR,CLE,"$645,000 ",Ricky Seals-Jones
80,Ricky Wagner\WagnRi00,OT,DET,"$9,000,000 ",Ricky Wagner
,Rigoberto Sanchez\SancRi00,P,IND,"$645,000 ",Rigoberto Sanchez
,Riley Dixon\DixoRi00,P,NYG,"$720,000 ",Riley Dixon
68,Riley Reiff\ReifRi00,OT,MIN,"$9,400,000 ",Riley Reiff
,River Cracraft\CracRi00,WR,DEN,"$570,000 ",River Cracraft
,Rob Havenstein\HaveRo00,OT,LAR,"$2,500,000 ",Rob Havenstein
186,Robbie Gould\gouldrob01,K,SFO,"$4,971,000 ",Robbie Gould
,Robby Anderson\AndeRo04,WR,NYJ,"$3,095,000 ",Robby Anderson
,Robert Davis\DaviRo00,WR,WAS,"$570,000 ",Robert Davis
,Robert Foster\FostRo01,WR,BUF,"$570,000 ",Robert Foster
,Robert Griffin\GrifRo01,QB,BAL,"$1,000,000 ",Robert Griffin
,Robert Jackson\JackRo00,CB,CLE,"$495,000 ",Robert Jackson
,Robert Quinn\QuinRo00,DE,DAL,"$6,000,000 ",Robert Quinn
,Robert Tonyan\TonyRo00,TE,GNB,"$570,000 ",Robert Tonyan
,Robert Woods\WoodRo02,WR,LAR,"$6,000,000 ",Robert Woods
,Rock Ya-Sin\Ya-SRo00,CB,IND,"$495,000 ",Rock Ya-Sin
,Roderic Teamer\TeamRo00,S,LAC,"$495,000 ",Roderic Teamer
,Roderick Johnson\JohnRo06,OT,HOU,"$570,000 ",Roderick Johnson
,Rodger Saffold\SaffRo20,T,TEN,"$3,500,000 ",Rodger Saffold
,Rodney Gunter\GuntRo00,DT,ARI,"$1,000,000 ",Rodney Gunter
89,Rodney Hudson\HudsRo00,OL,OAK,"$8,250,000 ",Rodney Hudson
,Rodney McLeod\McLeRo00,S,PHI,"$1,500,000 ",Rodney McLeod
,Rolan Milligan\MillRo03,S,IND,"$495,000 ",Rolan Milligan
,Romeo Okwara\OkwaRo01,DE,DET,"$720,000 ",Romeo Okwara
,Ronald Blair\BlaiRo00,DE,SFO,"$720,000 ",Ronald Blair
,Ronald Darby\DarbRo00,CB,PHI,"$1,000,000 ",Ronald Darby
892,Ronald Jones\JoneRo01,RB,TAM,"$801,450 ",Ronald Jones
90,Ronald Leary\LearRo00,G,DEN,"$8,150,000 ",Ronald Leary
1203,Ronnie Harrison\HarrRo02,SS,JAX,"$617,500 ",Ronnie Harrison
244,Ronnie Stanley\StanRo00,OT,BAL,"$3,243,318 ",Ronnie Stanley
439,Rontez Miles\MileRo00,FS,NYJ,"$1,907,000 ",Rontez Miles
,Roosevelt Nix\NixxRo01,FB,PIT,"$1,250,000 ",Roosevelt Nix
545,Roquan Smith\SmitRo07,ILB,CHI,"$1,319,871 ",Roquan Smith
,Ross Cockrell\CockRo00,CB,CAR,"$2,300,000 ",Ross Cockrell
,Ross Dwelley\DwelRo00,TE,SFO,"$570,000 ",Ross Dwelley
,Ross Pierschbacher\PierRo00,OL,WAS,"$495,000 ",Ross Pierschbacher
,Roy Robertson-Harris\RobeRo00,LB,CHI,"$645,000 ",Roy Robertson-Harris
1037,Royce Freeman\FreeRo00,RB,DEN,"$661,000 ",Royce Freeman
,Rudy Ford\FordRu00,S,PHI,"$645,000 ",Rudy Ford
,Russell Gage\GageRu00,WR,ATL,"$570,000 ",Russell Gage
,Russell Shepard\ShepRu00,WR,NYG,"$975,000 ",Russell Shepard
176,Russell Wilson\WilsRu00,QB,SEA,"$5,000,000 ",Russell Wilson
722,Ryan Anderson\AndeRy00,OLB,WAS,"$949,066 ",Ryan Anderson
,Ryan Connelly\ConnRy00,LB,NYG,"$495,000 ",Ryan Connelly
,Ryan Fitzpatrick\FitzRy00,QB,MIA,"$1,500,000 ",Ryan Fitzpatrick
,Ryan Glasgow\GlasRy00,DT,CIN,"$645,000 ",Ryan Glasgow
,Ryan Grant\GranRy01,WR,OAK,"$805,000 ",Ryan Grant
,Ryan Griffin\GrifRy00,TE,NYJ,"$2,250,000 ",Ryan Griffin
,Ryan Hunter\HuntRy00,T,KAN,"$495,000 ",Ryan Hunter
,Ryan Izzo\IzzoRy00,TE,NWE,"$495,000 ",Ryan Izzo
,Ryan Jensen\JensRy00,T,TAM,"$10,000,000 ",Ryan Jensen
,Ryan Kalil\KaliRy20,C,NYJ,"$2,400,000 ",Ryan Kalil
445,Ryan Kelly\KellRy00,C,IND,"$1,875,134 ",Ryan Kelly
44,Ryan Kerrigan\KerrRy00,DE,WAS,"$10,500,000 ",Ryan Kerrigan
,Ryan Lewis\LewiRy01,DB,2TM,"$570,000 ",Ryan Lewis
551,Ryan Ramczyk\RamcRy00,OT,NOR,"$1,273,323 ",Ryan Ramczyk
,Ryan Smith\SmitRy00,CB,TAM,"$2,025,000 ",Ryan Smith
,Ryan Switzer\SwitRy00,WR,PIT,"$645,000 ",Ryan Switzer
,Ryan Tannehill\TannRy00,QB,TEN,"$1,750,000 ",Ryan Tannehill
,Ryquell Armstead\ArmsRy00,RB,JAX,"$495,000 ",Ryquell Armstead
,Sam Darnold\DarnSa00,QB,NYJ,"$570,000 ",Sam Darnold
,Sam Ficken\FickSa00,K,NYJ,"$495,000 ",Sam Ficken
1192,Sam Hubbard\HubbSa00,DE,CIN,"$640,000 ",Sam Hubbard
248,Sam Koch\KochSa20,P,BAL,"$3,150,000 ",Sam Koch
321,Sam Martin\MartSa01,P,DET,"$2,400,000 ",Sam Martin
,Sam Tevi\TeviSa00,OT,LAC,"$645,000 ",Sam Tevi
,Sam Young\YounSa21,T,SFO,"$1,030,000 ",Sam Young
,Samaje Perine\PeriSa00,RB,CIN,"$645,000 ",Samaje Perine
36,Sammy Watkins\WatkSa00,WR,KAN,"$11,950,000 ",Sammy Watkins
,Samson Ebukam\EbukSa00,OLB,LAR,"$645,000 ",Samson Ebukam
,Samuel Eguavoen\EguaSa00,LB,MIA,"$495,000 ",Samuel Eguavoen
444,Saquon Barkley\BarkSa00,RB,NYG,"$1,897,943 ",Saquon Barkley
,Scott Miller\MillSc01,WR,TAM,"$495,000 ",Scott Miller
,Scott Quessenberry\QuesSc00,C,LAC,"$570,000 ",Scott Quessenberry
,Sean Chandler\ChanSe00,FS,NYG,"$570,000 ",Sean Chandler
,Sean Culkin\CulkSe00,TE,LAC,"$645,000 ",Sean Culkin
640,Sean Davis\DaviSe00,FS,PIT,"$1,007,314 ",Sean Davis
,Sean Lee\LeexSe99,LB,DAL,"$2,000,000 ",Sean Lee
,Sean Mannion\MannSe00,QB,MIN,"$805,000 ",Sean Mannion
,Sean Murphy-Bunting\BuntSe00,CB,TAM,"$495,000 ",Sean Murphy-Bunting
,Seantrel Henderson\HendSe00,OT,HOU,"$1,500,000 ",Seantrel Henderson
,Sebastian Joseph\JoseSe00,DT,LAR,"$570,000 ",Sebastian Joseph
,Senio Kelemete\KeleSe00,T,HOU,"$2,750,000 ",Senio Kelemete
,Seth Devalve\DevaSe00,TE,JAX,"$720,000 ",Seth Devalve
,Seth Roberts\RobeSe00,WR,BAL,"$1,700,000 ",Seth Roberts
,Shakial Taylor\TaylSh00,CB,IND,"$495,000 ",Shakial Taylor
,Shamar Stephen\StepSh00,DT,MIN,"$900,000 ",Shamar Stephen
,Shaq Calhoun\CalhSh01,G,MIA,"$495,000 ",Shaq Calhoun
448,Shaq Lawson\LawsSh00,DE,BUF,"$1,851,679 ",Shaq Lawson
,Shaq Mason\MasoSh01,RG,NWE,"$4,000,000 ",Shaq Mason
72,Shaq Thompson\ThomSh01,OLB,CAR,"$9,232,000 ",Shaq Thompson
,Shaquem Griffin\GrifSh01,OLB,SEA,"$570,000 ",Shaquem Griffin
,Shaquil Barrett\BarrSh00,OLB,TAM,"$1,000,000 ",Shaquil Barrett
1012,Shaquill Griffin\GrifSh00,DB,SEA,"$680,000 ",Shaquill Griffin
,Sharif Finch\FincSh00,LB,TEN,"$570,000 ",Sharif Finch
,Sharrod Neasman\NeasSh00,S,ATL,"$720,000 ",Sharrod Neasman
,Shaun Dion Hamilton\DionSh00,LB,WAS,"$570,000 ",Shaun Dion Hamilton
,Shawn Williams\WillSh02,SS,CIN,"$3,500,000 ",Shawn Williams
,Shelby Harris\HarrSh00,DE,DEN,"$3,095,000 ",Shelby Harris
,Sheldon Day\DayxSh00,DT,SFO,"$720,000 ",Sheldon Day
342,Sheldon Rankins\RankSh00,DT,NOR,"$2,195,680 ",Sheldon Rankins
,Sheldon Richardson\RichSh00,DT,CLE,"$8,000,000 ",Sheldon Richardson
,Sheldrick Redwine\RedwSh00,S,CLE,"$800,000 ",Sheldrick Redwine
,Sherrick McManis\McMaSh99,DB,CHI,"$1,500,000 ",Sherrick McManis
,Shilique Calhoun\CalhSh00,DE,NWE,"$720,000 ",Shilique Calhoun
,Shy Tuttle\TuttSh00,DL,NOR,"$495,000 ",Shy Tuttle
635,Sidney Jones\JoneSi00,CB,PHI,"$1,023,190 ",Sidney Jones
,Simeon Thomas\ThomSi00,CB,WAS,"$495,000 ",Simeon Thomas
,Sione Takitaki\TakiSi00,LB,CLE,"$495,000 ",Sione Takitaki
,Siran Neal\NealSi00,CB,BUF,"$570,000 ",Siran Neal
,Solomon Thomas\ThomSo00,DE,SFO,"$645,000 ",Solomon Thomas
758,Sony Michel\MichSo00,RB,NWE,"$917,577 ",Sony Michel
539,Spencer Long\LongSp00,OG,BUF,"$1,350,000 ",Spencer Long
118,Star Lotulelei\LotuSt00,DT,BUF,"$7,150,000 ",Star Lotulelei
,Stefen Wisniewski\WisnSt01,OL,KAN,"$1,250,000 ",Stefen Wisniewski
,Stefon Diggs\DiggSt00,WR,MIN,"$8,900,000 ",Stefon Diggs
,Stephen Anderson\AndeSt01,TE,LAC,"$645,000 ",Stephen Anderson
595,Stephen Gostkowski\GostSt20,K,NWE,"$1,100,000 ",Stephen Gostkowski
,Stephen Hauschka\HausSt00,K,BUF,"$2,000,000 ",Stephen Hauschka
,Stephen Weatherly\WeatSt00,OLB,MIN,"$720,000 ",Stephen Weatherly
,Stephon Gilmore\GilmSt00,CB,NWE,"$1,000,000 ",Stephon Gilmore
145,Stephon Tuitt\TuitSt00,DT,PIT,"$6,000,000 ",Stephon Tuitt
,Stephone Anthony\AnthSt00,ILB,NOR,"$805,000 ",Stephone Anthony
553,Sterling Shepard\ShepSt00,WR,NYG,"$1,260,623 ",Sterling Shepard
,Steve McLendon\McLeSt00,DT,NYJ,"$1,500,000 ",Steve McLendon
,Steven Nelson\NelsSt01,CB,PIT,"$1,500,000 ",Steven Nelson
,Steven Parker\ParkSt00,DB,MIA,"$495,000 ",Steven Parker
,Steven Sims\SimsSt00,WR,WAS,"$495,000 ",Steven Sims
112,T.J. Carrie\CarrTr00,CB,CLE,"$7,500,000 ",T.J. Carrie
,T.J. Hockenson\HockTJ00,TE,DET,"$495,000 ",T.J. Hockenson
,T.J. Jones\JoneT.00,WR,NYG,"$805,000 ",T.J. Jones
,T.J. Logan\LogaT.00,RB,TAM,"$645,000 ",T.J. Logan
547,T.J. Watt\WattT.00,OLB,PIT,"$1,306,688 ",T.J. Watt
,T.J. Yeldon\YeldT.00,RB,BUF,"$1,000,000 ",T.J. Yeldon
,T.Y. Hilton\HiltT.00,WR,IND,"$13,000,000 ",T.Y. Hilton
535,Taco Charlton\CharTa00,DE,MIA,"$1,376,672 ",Taco Charlton
,Tae Davis\DaviTa00,LB,NYG,"$570,000 ",Tae Davis
279,Tahir Whitehead\WhitTa00,OLB,OAK,"$2,950,000 ",Tahir Whitehead
,Taiwan Jones\JoneTa00,RB,HOU,"$930,000 ",Taiwan Jones
,Tajae Sharpe\SharTa00,WR,TEN,"$2,025,000 ",Tajae Sharpe
533,Takkarist McKinley\McKiTa00,OLB,ATL,"$1,393,775 ",Takkarist McKinley
,Tank Carradine\CarrCo00,DE,MIA,"$805,000 ",Tank Carradine
,Tanner Vallejo\VallTa00,ILB,WAS,"$645,000 ",Tanner Vallejo
794,Tanoh Kpassagnon\KpasTa00,DE,KAN,"$832,838 ",Tanoh Kpassagnon
,Tanzel Smart\SmarTa00,DT,LAR,"$645,000 ",Tanzel Smart
1006,Tarell Basham\BashTa00,DE,NYJ,"$687,500 ",Tarell Basham
,Tarik Cohen\CoheTa00,RB,CHI,"$645,000 ",Tarik Cohen
,Taron Johnson\JohnTa01,CB,BUF,"$570,000 ",Taron Johnson
1207,Tarvarius Moore\MoorTa00,S,SFO,"$603,000 ",Tarvarius Moore
306,Tashaun Gipson\GipsTa00,DB,HOU,"$2,500,000 ",Tashaun Gipson
723,Taven Bryan\BryaTa00,DT,JAX,"$941,589 ",Taven Bryan
,Tavierre Thomas\ThomTa01,DB,CLE,"$570,000 ",Tavierre Thomas
,Tavon Austin\AustTa00,WR,DAL,"$1,000,000 ",Tavon Austin
,Tavon Wilson\WilsTa00,FS,DET,"$1,000,000 ",Tavon Wilson
,Taybor Pepper\PeppTa00,LS,MIA,"$570,000 ",Taybor Pepper
437,Taylor Decker\DeckTa00,OT,DET,"$1,945,498 ",Taylor Decker
,Taylor Gabriel\GabrTa00,WR,CHI,"$5,500,000 ",Taylor Gabriel
18,Taylor Lewan\LewaTa00,OT,TEN,"$14,500,000 ",Taylor Lewan
793,Taylor Moton\MotoTa00,OT,CAR,"$843,014 ",Taylor Moton
,Taylor Rapp\RappTa00,S,LAR,"$495,000 ",Taylor Rapp
,Taylor Stallworth\StalTa00,DT,NOR,"$570,000 ",Taylor Stallworth
,Taysom Hill\HillTa00,QB,NOR,"$645,000 ",Taysom Hill
902,Taywan Taylor\TaylTa00,WR,CLE,"$773,500 ",Taywan Taylor
,Ted Ginn\GinnTe00,WR,NOR,"$2,500,000 ",Ted Ginn
,Ted Karras\KarrTe00,OG,NWE,"$720,000 ",Ted Karras
,Ted Larsen\LarsTe20,C,CHI,"$930,000 ",Ted Larsen
,Teddy Bridgewater\BridTe00,QB,NOR,"$1,250,000 ",Teddy Bridgewater
,Tedric Thompson\ThomTe00,SS,SEA,"$645,000 ",Tedric Thompson
,Terrance Mitchell\MitcTe00,CB,CLE,"$2,500,000 ",Terrance Mitchell
720,Terrell Edmunds\EdmuTe00,S,PIT,"$966,263 ",Terrell Edmunds
,Terrell McClain\McClTe00,DL,KAN,"$930,000 ",Terrell McClain
,Terrell Suggs\SuggTe99,LB-DE,ARI,"$3,000,000 ",Terrell Suggs
,Terrence Brooks\BrooTe00,FS,NWE,"$805,000 ",Terrence Brooks
42,Terron Armstead\ArmsTe00,OT,NOR,"$10,700,000 ",Terron Armstead
,Terry McLaurin\McLaTe00,WR,WAS,"$495,000 ",Terry McLaurin
477,Tevin Coleman\ColeTe01,RB,SFO,"$1,550,000 ",Tevin Coleman
554,Thomas Davis\DaviTh20,LB,LAC,"$1,250,000 ",Thomas Davis
,Thomas Hennessy\HennTh00,LS,NYJ,"$645,000 ",Thomas Hennessy
,Thomas Morstead\MorsTh00,P,NOR,"$2,950,000 ",Thomas Morstead
,Tim Patrick\PatrTi00,WR,DEN,"$570,000 ",Tim Patrick
,Tim Settle\SettTi00,DT,WAS,"$570,000 ",Tim Settle
1005,Tim Williams\WillTi00,OLB,2TM,"$690,000 ",Tim Williams
,Timmy Jernigan\JernTi00,DT,PHI,"$1,000,000 ",Timmy Jernigan
,Todd Davis\DaviTo01,LB,DEN,"$4,000,000 ",Todd Davis
,Todd Gurley\GurlTo01,RB,LAR,"$5,000,000 ",Todd Gurley
20,Tom Brady\BradTo00,QB,NWE,"$14,000,000 ",Tom Brady
524,Tom Compton\CompTo00,T,NYJ,"$1,410,000 ",Tom Compton
,Tommy Sweeney\SweeTo00,TE,BUF,"$495,000 ",Tommy Sweeney
,Tony Bergstrom\BergTo00,OT,WAS,"$805,000 ",Tony Bergstrom
,Tony Brown\BrowTo01,CB,GNB,"$570,000 ",Tony Brown
,Tony Jefferson\JeffTo00,FS,BAL,"$8,000,000 ",Tony Jefferson
,Tony McRae\McRaTo00,CB,CIN,"$645,000 ",Tony McRae
,Tony Pollard\PollTo00,RB,DAL,"$495,000 ",Tony Pollard
,Torry McTyer\McTyTo00,CB,CIN,"$645,000 ",Torry McTyer
,Tra Carson\CarsTr01,HB,GNB,"$570,000 ",Tra Carson
1197,Tracy Walker\WalkTr01,S,DET,"$628,000 ",Tracy Walker
,Trae Waynes\WaynTr00,CB,MIN,"$9,069,000 ",Trae Waynes
171,Trai Turner\TurnTr01,OG,CAR,"$5,297,000 ",Trai Turner
,Tramaine Brock\BrocTr00,DB,ARI,"$1,000,000 ",Tramaine Brock
239,Tramon Williams\WillTr99,DB,GNB,"$3,250,000 ",Tramon Williams
,Travin Howard\HowaTr00,OLB,LAR,"$495,000 ",Travin Howard
,Travis Benjamin\BenjTr00,WR,LAC,"$5,250,000 ",Travis Benjamin
,Travis Frederick\FredTr00,C,DAL,"$6,000,000 ",Travis Frederick
,Travis Homer\HomeTr00,RB,SEA,"$495,000 ",Travis Homer
,Travis Kelce\KelcTr00,TE,KAN,"$7,500,000 ",Travis Kelce
,Trayveon Williams\WillTr06,RB,CIN,"$495,000 ",Trayveon Williams
,Trayvon Mullen\MullTr00,CB,OAK,"$495,000 ",Trayvon Mullen
,Tre Boston\BostTr00,FS,CAR,"$1,125,000 ",Tre Boston
,Tre Flowers\FlowTr01,SS,SEA,"$570,000 ",Tre Flowers
,Tre Herndon\HernTr00,CB,JAX,"$570,000 ",Tre Herndon
534,TreDavious White\WhitTr01,CB,BUF,"$1,382,374 ",TreDavious White
608,Tremaine Edmunds\EdmuTr01,ILB,BUF,"$1,055,434 ",Tremaine Edmunds
,Tremon Smith\SmitTr04,,2TM,"$570,000 ",Tremon Smith
,Trent Brown\BrowTr02,OT,OAK,"$5,000,000 ",Trent Brown
,Trent Harris\HarrTr01,DL,MIA,"$495,000 ",Trent Harris
157,Trent Murphy\MurpTr00,DE,BUF,"$5,800,000 ",Trent Murphy
,Trent Sherfield\SherTr00,WR,ARI,"$570,000 ",Trent Sherfield
,Trent Sieg\SiegTr00,LS,OAK,"$570,000 ",Trent Sieg
,Trenton Cannon\CannTr00,RB,NYJ,"$570,000 ",Trenton Cannon
,Trenton Scott\ScotTr01,T,LAC,"$570,000 ",Trenton Scott
1204,Tre'Quan Smith\SmitTr03,WR,NOR,"$616,500 ",Tre'Quan Smith
,Tress Way\WayxTr00,P,WAS,"$1,500,000 ",Tress Way
,Trevon Wesco\WescTr00,TE,NYJ,"$495,000 ",Trevon Wesco
,Trevor Daniel\DaniTr00,P,HOU,"$570,000 ",Trevor Daniel
,Trevor Davis\DaviTr03,WR,2TM,"$720,000 ",Trevor Davis
,Trevor Siemian\SiemTr00,QB,NYJ,"$1,000,000 ",Trevor Siemian
,Trevor Williams\WillTr05,CB,ARI,"$2,025,000 ",Trevor Williams
130,Trey Burton\BurtTr01,TE,CHI,"$6,700,000 ",Trey Burton
,Trey Edmunds\EdmuTr00,RB,PIT,"$645,000 ",Trey Edmunds
,Trey Flowers\FlowTr00,DE,DET,"$805,000 ",Trey Flowers
,Trey Hendrickson\HendTr00,DE,NOR,"$668,000 ",Trey Hendrickson
,Trey Hopkins\HopkTr01,G,CIN,"$3,095,000 ",Trey Hopkins
1212,Trey Marshall\MarsTr00,S,DEN,"$570,000 ",Trey Marshall
,Trey Pipkins\PipkTr00,OT,LAC,"$495,000 ",Trey Pipkins
,Trey Quinn\QuinTr00,WR,WAS,"$570,000 ",Trey Quinn
,Treyvon Hester\HestTr00,DT,WAS,"$645,000 ",Treyvon Hester
,Troy Apke\ApkeTr00,S,WAS,"$570,000 ",Troy Apke
,Troy Fumagalli\FumaTr00,TE,DEN,"$495,000 ",Troy Fumagalli
,Troy Hill\HillTr01,CB,LAR,"$2,025,000 ",Troy Hill
,Troy Reeder\ReedTr01,LB,LAR,"$495,000 ",Troy Reeder
,Troymaine Pope\PopeTr00,RB,LAC,"$645,000 ",Troymaine Pope
,Trumaine Johnson\JohnTr05,CB,NYJ,"$8,000,000 ",Trumaine Johnson
,Trysten Hill\HillTr00,DL,DAL,"$495,000 ",Trysten Hill
,Tuzar Skipper\SkipTu00,LB,NYG,"$495,000 ",Tuzar Skipper
,Ty Johnson\JohnTy02,RB,DET,"$495,000 ",Ty Johnson
,Ty Montgomery\MontTy01,WR/RB,NYJ,"$805,000 ",Ty Montgomery
,Ty Nsekhe\NsekTy00,T,BUF,"$3,200,000 ",Ty Nsekhe
,Ty Sambrailo\SambTy00,OT,ATL,"$2,000,000 ",Ty Sambrailo
1040,Ty Summers\SummTy00,LB,GNB,"$652,500 ",Ty Summers
,Tyeler Davison\DaviTy01,DT,ATL,"$805,000 ",Tyeler Davison
713,Tyler Boyd\BoydTy00,WR,CIN,"$980,769 ",Tyler Boyd
,Tyler Conklin\ConkTy00,TE,MIN,"$570,000 ",Tyler Conklin
644,Tyler Eifert\EifeTy00,TE,CIN,"$1,000,000 ",Tyler Eifert
,Tyler Ervin\ErviTy00,RB,JAX,"$720,000 ",Tyler Ervin
,Tyler Higbee\HigbTy00,TE,LAR,"$2,025,000 ",Tyler Higbee
,Tyler Lancaster\LancTy00,DL,GNB,"$570,000 ",Tyler Lancaster
,Tyler Larsen\LarsTy00,C,CAR,"$900,000 ",Tyler Larsen
218,Tyler Lockett\LockTy00,WR,SEA,"$3,907,000 ",Tyler Lockett
,Tyler Matakevich\MataTy00,ILB,PIT,"$720,000 ",Tyler Matakevich
,Tyler Ott\OttxTy00,LS,SEA,"$645,000 ",Tyler Ott
,Tyler Shatley\ShatTy00,OG,JAX,"$805,000 ",Tyler Shatley
1015,Tyquan Lewis\LewiTy00,DE,IND,"$678,457 ",Tyquan Lewis
,Tyrann Mathieu\MathTy00,CB,KAN,"$850,000 ",Tyrann Mathieu
436,Tyreek Hill\HillTy00,WR,KAN,"$1,965,036 ",Tyreek Hill
,Tyrell Crosby\CrosTy00,OT,DET,"$570,000 ",Tyrell Crosby
,Tyrell Williams\WillTy00,WR,OAK,"$5,000,000 ",Tyrell Williams
,Tyrod Taylor\TaylTy00,QB,LAC,"$1,000,000 ",Tyrod Taylor
,Tyron Smith\SmitTy00,OT,DAL,"$10,000,000 ",Tyron Smith
120,Tyrone Crawford\CrawTy00,DE,DAL,"$7,000,000 ",Tyrone Crawford
,Tyson Alualu\AluaTy99,DT,PIT,"$1,250,000 ",Tyson Alualu
,Tytus Howard\HowaTy00,,HOU,"$495,000 ",Tytus Howard
718,Tyus Bowser\BowsTy00,OLB,BAL,"$971,874 ",Tyus Bowser
912,Uchenna Nwosu\NwosUc00,OLB,LAC,"$741,799 ",Uchenna Nwosu
,Ugochukwu Amadi\AmadUg00,S,SEA,"$495,000 ",Ugochukwu Amadi
1036,Ulysees Gilbert\GilbUl00,LB,PIT,"$661,750 ",Ulysees Gilbert
203,Vance McDonald\McDoVa00,TE,PIT,"$4,200,000 ",Vance McDonald
587,Vernon Butler\ButlVe00,DT,CAR,"$1,144,980 ",Vernon Butler
,Vernon Davis\DaviVe00,TE,WAS,"$4,750,000 ",Vernon Davis
326,Vernon Hargreaves\HargVe00,CB,TAM,"$2,383,317 ",Vernon Hargreaves
29,Vic Beasley\BeasVi00,OLB,ATL,"$12,810,000 ",Vic Beasley
,Vince Biegel\BiegVi00,OLB,MIA,"$645,000 ",Vince Biegel
,Vince Williams\WillVi01,ILB,PIT,"$805,000 ",Vince Williams
,Vinny Curry\CurrVi00,DE,PHI,"$1,000,000 ",Vinny Curry
,Virgil Green\GreeVi00,TE,LAC,"$2,500,000 ",Virgil Green
581,Vita Vea\VeaxVi00,DT,TAM,"$1,153,829 ",Vita Vea
,Von Miller\MillVo00,LB,DEN,"$17,000,000 ",Von Miller
708,Vonn Bell\BellVo00,SS,NOR,"$991,677 ",Vonn Bell
582,Vontaze Burfict\BurfVo00,LB,OAK,"$1,150,000 ",Vontaze Burfict
,Vyncint Smith\SmitVy00,WR,NYJ,"$570,000 ",Vyncint Smith
,Walt Aikens\AikeWa00,CB,MIA,"$1,400,000 ",Walt Aikens
,Wayne Gallman\GallWa00,RB,NYG,"$645,000 ",Wayne Gallman
,Wendell Smallwood\SmalWe00,RB,WAS,"$720,000 ",Wendell Smallwood
,Wes Martin\MartWe00,G,WAS,"$495,000 ",Wes Martin
,Wes Schweitzer\SchwWe00,OT,ATL,"$2,025,000 ",Wes Schweitzer
,Wesley Woodyard\WoodWe20,LB,TEN,"$2,950,000 ",Wesley Woodyard
165,Weston Richburg\RichWe00,C,SFO,"$5,500,000 ",Weston Richburg
,Whitney Mercilus\MercWh00,DE,HOU,"$5,750,000 ",Whitney Mercilus
,Wil Lutz\LutzWi00,K,NOR,"$850,000 ",Wil Lutz
,Will Clapp\ClapWi00,C,NOR,"$570,000 ",Will Clapp
,Will Dissly\DissWi00,TE,SEA,"$570,000 ",Will Dissly
450,Will Fuller\FullWi01,WR,HOU,"$1,836,043 ",Will Fuller
,Will Harris\HarrWi02,S,DET,"$495,000 ",Will Harris
802,Will Hernandez\HernWi00,OG,NYG,"$818,670 ",Will Hernandez
,Will Parks\ParkWi01,S,DEN,"$2,025,000 ",Will Parks
,Will Redmond\RedmWi00,CB,GNB,"$570,000 ",Will Redmond
,Will Richardson\RichWi01,OT,JAX,"$570,000 ",Will Richardson
,William Gholston\GholWi00,DE,TAM,"$3,750,000 ",William Gholston
457,William Jackson\JackWi02,CB,CIN,"$1,773,497 ",William Jackson
,Willie Snead\SneaWi00,WR,BAL,"$3,000,000 ",Willie Snead
,Wyatt Teller\TellWy00,OG,CLE,"$570,000 ",Wyatt Teller
549,Xavien Howard\HowaXa00,CB,MIA,"$1,285,642 ",Xavien Howard
,Xavier Crawford\CrawXa00,CB,HOU,"$495,000 ",Xavier Crawford
,Xavier Grimble\GrimXa00,TE,PIT,"$2,025,000 ",Xavier Grimble
47,Xavier Rhodes\RhodXa00,CB,MIN,"$10,400,000 ",Xavier Rhodes
,Xavier Su'a-Filo\Sua-Xa00,OG,DAL,"$805,000 ",Xavier Su'a-Filo
333,Xavier Williams\WillXa00,DT,KAN,"$2,257,000 ",Xavier Williams
,Xavier Woods\WoodXa00,SS,DAL,"$645,000 ",Xavier Woods
,Yannick Ngakoue\NgakYa00,OLB,JAX,"$2,025,000 ",Yannick Ngakoue
,Zach Allen\AlleZa01,DL,ARI,"$495,000 ",Zach Allen
,Zach Banner\BannZa00,OG,PIT,"$645,000 ",Zach Banner
,Zach Brown\BrowZa00,OLB,PHI,"$1,000,000 ",Zach Brown
774,Zach Cunningham\CunnZa00,OLB,HOU,"$871,522 ",Zach Cunningham
,Zach Ertz\ErtzZa00,TE,PHI,"$8,000,000 ",Zach Ertz
,Zach Fulton\FultZa00,OG,HOU,"$6,500,000 ",Zach Fulton
990,Zach Gentry\GentZa00,TE,PIT,"$715,000 ",Zach Gentry
,Zach Kerr\KerrZa00,NT,ARI,"$1,500,000 ",Zach Kerr
,Zach Line\LineZa01,FB,NOR,"$850,000 ",Zach Line
,Zach Pascal\PascZa00,WR,IND,"$570,000 ",Zach Pascal
,Zach Sieler\SielZa00,DE,BAL,"$570,000 ",Zach Sieler
,Zach Triner\TrinZa00,LS,TAM,"$495,000 ",Zach Triner
,Zach Wood\WoodZa00,DE,NOR,"$645,000 ",Zach Wood
,Zack Martin\MartZa00,OT,DAL,"$10,000,000 ",Zack Martin
,Za'Darius Smith\SmitZa00,DE,GNB,"$1,000,000 ",Za'Darius Smith
,Zaire Franklin\FranZa00,LB,IND,"$570,000 ",Zaire Franklin
,Zak DeOssie\DeOsZa99,LB,NYG,"$1,030,000 ",Zak DeOssie
,Zane Gonzalez\GonzZa00,K,ARI,"$645,000 ",Zane Gonzalez
603,Zay Jones\JoneZa00,WR,BUF,"$1,081,348 ",Zay Jones
,Zeke Turner\TurnZe00,S,ARI,"$570,000 ",Zeke Turner
